csoport	megnevezés	érték	hol látszik	honnan jön most
TERÜLETEK (Piaci trendek)				
Terület	Összesített adatok — név a legördülőben	Összesített adatok	Kezdőoldal / Piaci trendek — Szegmens legördülő, első sor	data/build-guide-data.py
Terület	Business Service Center (BSC) — név	Business Service Center (BSC)	Kezdőoldal — területi csempe; a terület oldalának címe	data/areas.json
Terület	Business Service Center (BSC) — név a Piaci trendek legördülőben	BSC	Kezdőoldal / Piaci trendek — Szegmens legördülő	data/build-guide-data.py (a kutatási Excel lapnevei alapján)
Terület	Business Service Center (BSC) — összefoglaló	A Business Services szektor továbbra is a hazai munkaerőpiac egyik legaktívabb és legversenyképesebb területe. A felmérésünkben résztvevő vállalatok 58%-a létszámbővítést tervez, míg 32% elsősorban a fluktuáció kezelésére fókuszál, a tehetségekért folytatott verseny pedig egyre intenzívebbé válik. A pénzügyi, HR, IT, ügyfélszolgálati és egyéb üzleti szolgáltatási funkciókban dolgozó szakemberek iránti kereslet továbbra is magas, ezért a tehetségek bevonzása és megtartása egyaránt stratégiai jelentőségűvé vált.¶¶A home office továbbra is fontos tényező a toborzásban. A vállalatok körében leggyakoribb a heti 2-3 nap otthoni munkavégzés, míg a munkavállalók többsége 3-5 napot tartana ideálisnak. A cégek több mint kétharmada szerint jelenlegi home office gyakorlatuk támogatja a sikeres toborzást, és közel 90%-uk nem is tervez változtatni a jelenlegi modellen.¶¶A munkaerő-piaci mobilitás továbbra is jelentős: a szakemberek 83%-a nyitott a váltásra. A jelöltek negyede aktívan keres új lehetőséget, további közel 60% pedig nyitott a releváns megkeresésekre. Ez a bővülést tervező vállalatok számára jelentős toborzási potenciált kínál, miközben a tehetségek megtartása egyre fontosabb stratégiai kihívássá válik.¶¶Munkahelyváltáskor továbbra is a bérezés és a kompenzációs csomag a legfontosabb tényező, ugyanakkor a hibrid munkavégzés, a munka-magánélet egyensúlya és a vállalat stabilitása is meghatározó szerepet játszik.¶¶A bérezés területén továbbra is eltérés figyelhető meg a munkáltatói és munkavállalói percepció között. Miközben a válaszadó vállalatok közel 90%-a hajtott végre béremelést – jellemzően 1–5% közötti mértékben –, a munkavállalók 41%-a egyáltalán nem kapott emelést, a béremelésben részesült munkavállalók több mint fele pedig nem elégedett annak mértékével. A legértékesebb juttatásoknak a bónuszt, az extra szabadnapokat és az egészségbiztosítást tartják, amelyek széles körben elérhetők a szektorban.¶¶A technológiai fejlődés és az AI-alapú megoldások térnyerése szintén alakítja a szektort. A vállalatok és a munkavállalók egyaránt egyre nagyobb arányban alkalmazzák ezeket az eszközöket, amelyek elsősorban a hatékonyság növelését támogatják. Ennek megfelelően az AI-ismeretek és a technológiai alkalmazkodóképesség egyre fontosabb versenyképességi tényezővé válik mind a munkáltatók, mind a munkavállalók számára.	a terület oldala — összefoglaló szöveg	data/areas.json
Terület	Business Service Center (BSC) — média	video	a terület oldala — az összefoglaló melletti doboz (video vagy highlight)	data/areas.json
Terület	Business Service Center (BSC) — kérdéssor	Általános	a terület oldala — melyik kérdőív kérdései jelennek meg	data/areas.json
Terület	Pénzügy, Számvitel — név	Pénzügy, Számvitel	Kezdőoldal — területi csempe; a terület oldalának címe	data/areas.json
Terület	Pénzügy, Számvitel — név a Piaci trendek legördülőben	Pénzügy és számvitel	Kezdőoldal / Piaci trendek — Szegmens legördülő	data/build-guide-data.py (a kutatási Excel lapnevei alapján)
Terület	Pénzügy, Számvitel — összefoglaló	A pénzügyi és számviteli munkaerőpiac az elmúlt időszakban jelentősen átalakult: a korábban jelölt vezérelt szektor fokozatosan kiegyensúlyozottabbá vált. Az álláshirdetések száma mérséklődött, miközben főként a kontrolling és vezetői pozíciókban a szervezeti átalakítások és leépítések következtében jelentősen nőtt az aktív álláskeresők aránya.¶¶A munkáltatók többsége óvatos munkaerő-tervezést folytat. A vállalatok 30%-a kizárólag fluktuációkezelés céljából toboroz, 14% létszámcsökkentést tervez. Bár 56% valamilyen mértékű bővüléssel számol, ennek közel fele 10 fő alatti, míg 50 fő feletti létszámnövelést mindössze 9% tervez.¶¶A visszafogottabb munkaerő-piaci kereslet és a megnövekedett jelöltkínálat a béremelésekben is megmutatkozik: a felmérésben részt vevő munkavállalók közel háromnegyede legfeljebb 5%-os béremelésben részesült az elmúlt évben. Továbbra is keresettek ugyanakkor az angol nyelvtudással rendelkező, tapasztalt teljes körű könyvelők, valamint az adótanácsadók és transzferár- és IFRS szakértők, így ezeken a területeken a bérnyomás várhatóan erősebb marad.¶¶Állásváltáskor a versenyképes fizetésen felül a munka-magánélet egyensúlya a legfontosabb szempont a jelölteknek, míg a munkavállalók megtartását leginkább a bónusz, az extra szabadnapok és az egészségbiztosítás támogatja.¶¶Az AI mára a pénzügyi munka mindennapi részévé vált. A szakemberek 40%-a napi, további 30%-a heti rendszerességgel használ AI-eszközöket, elsősorban információgyűjtésre, kutatásra és dokumentumkészítésre. A válaszadók szerint az AI nem kiváltja, hanem hatékonyabbá teszi a munkát, ugyanakkor folyamatos tanulást igényel, ezért a technológiai nyitottság egyre fontosabb versenyelőnyt jelent a kiválasztás során.¶¶A következő időszak egyik meghatározó trendje az AMLA bevezetése lesz. Az új szabályozási környezet várhatóan jelentősen növeli a compliance, AML és KYC szakemberek iránti keresletet, így a compliance terület a pénzügyi munkaerőpiac egyik legdinamikusabban fejlődő szegmensévé válhat.	a terület oldala — összefoglaló szöveg	data/areas.json
Terület	Pénzügy, Számvitel — média	highlight	a terület oldala — az összefoglaló melletti doboz (video vagy highlight)	data/areas.json
Terület	Pénzügy, Számvitel — kérdéssor	Általános	a terület oldala — melyik kérdőív kérdései jelennek meg	data/areas.json
Terület	HR — név	HR	Kezdőoldal — területi csempe; a terület oldalának címe	data/areas.json
Terület	HR — név a Piaci trendek legördülőben	HR	Kezdőoldal / Piaci trendek — Szegmens legördülő	data/build-guide-data.py (a kutatási Excel lapnevei alapján)
Terület	HR — összefoglaló	A HR terület munkaerőpiaca 2025/2026-ban jelentős változáson ment keresztül. A korábbi évekhez képest nagyobb jelölti aktivitás volt tapasztalható, miközben a vállalatok továbbra is óvatosan tervezték toborzási tevékenységüket. A legtöbb szervezet nem jelentős létszámbővítésben gondolkodott, hanem a meglévő csapatok stabil működtetésére helyezte a hangsúlyt. A válaszadó cégek 34%-a elsősorban fluktuációkezelés miatt toboroz, míg további 41%-uk kisebb vagy közepes létszámú bővítést tervez.¶¶A munkavállalói oldal továbbra is aktív: a HR szakemberek 75%-a nyitott az új lehetőségekre. Ebben szerepet játszhat, hogy a válaszadók közel egyharmada az elmúlt fél évben több felelősséget és feladatot kapott előléptetés nélkül, ami jól tükrözi a HR területre nehezedő egyre erősebb üzleti és működési elvárásokat.¶¶A HR Business Partner, kompenzációs és szervezetfejlesztési területeken továbbra is stabil kereslet figyelhető meg a szakemberekre, miközben a recruiter és HR generalista pozíciók esetében bővült a jelöltkínálat. Különösen keresettek azok a szakértők, akik a klasszikus HR ismeretek mellett üzleti szemlélettel, erős stakeholder management készségekkel és adatvezérelt gondolkodással rendelkeznek.¶¶A bérezés továbbra is a legfontosabb munkahelyválasztási szempont, ugyanakkor a work-life balance, a vállalat stabilitása, a home office lehetősége és a vezető személye szintén kiemelt szerepet játszik a döntésekben.¶¶A HR szakemberek közel 68%-a heti 2-3 nap home office-t tartana ideálisnak. A munkáltatók 89%-a nem tervez változtatni jelenlegi home office gyakorlatán és több mint 50%-uk szerint a jelenlegi modelljük támogatja is a sikeres toborzást.¶¶A leggyakrabban kínált juttatási elemek továbbra is a bónusz, a SZÉP-kártya és az egészségbiztosítás, míg a munkavállalók oldalán a bónusz, egészségbiztosítás, SZÉP kártya, extra szabadnapok és az élethelyzet támogatás (gyerek születés, esküvő, stb.) számítanak a legvonzóbb elemeknek.¶¶A következő 12 hónap kapcsán óvatos bizakodás jellemzi a HR piacot. A munkáltatók közel 58%-a aktívabb munkaerőpiacra számít, miközben a munkavállalók legnagyobb csoportja nem vár jelentős változást a lehetőségek számában. A következő időszak egyik legfontosabb témája várhatóan a bértranszparencia gyakorlati bevezetése lesz, amely tovább növelheti a kompenzációs, HRBP és szervezetfejlesztési kompetenciák iránti keresletet.	a terület oldala — összefoglaló szöveg	data/areas.json
Terület	HR — média	video	a terület oldala — az összefoglaló melletti doboz (video vagy highlight)	data/areas.json
Terület	HR — kérdéssor	Általános	a terület oldala — melyik kérdőív kérdései jelennek meg	data/areas.json
Terület	Sales, Marketing — név	Sales, Marketing	Kezdőoldal — területi csempe; a terület oldalának címe	data/areas.json
Terület	Sales, Marketing — név a Piaci trendek legördülőben	Sales & Marketing	Kezdőoldal / Piaci trendek — Szegmens legördülő	data/build-guide-data.py (a kutatási Excel lapnevei alapján)
Terület	Sales, Marketing — összefoglaló	A Sales & Marketing munkaerőpiacot 2025-2026-ban egyszerre jellemezte az óvatosság és a folyamatos mozgás. Bár a vállalatok többsége nem jelentős létszámbővítésben gondolkodik, a megfelelő üzleti eredményeket felmutatni képes szakemberek iránt továbbra is erős a kereslet. A válaszadó munkáltatók 36%-a elsősorban fluktuációkezelés miatt toboroz, további 26%-uk pedig kisebb, 10 fő alatti bővítést tervez. A nagyszabású munkaerőfelvétel továbbra sem jellemző.¶¶A jelöltpiac ugyanakkor kifejezetten aktív. A kutatásban részt vevő sales és marketing szakemberek több mint 90%-a nyitott új lehetőségekre vagy aktívan keres állást.¶¶A kompenzáció továbbra is meghatározó szerepet játszik a szakemberek megtartásában és bevonzásában, ugyanakkor a béremelések mértéke az elmúlt időszakban visszafogott maradt. A munkáltatók több mint fele 1-5%-os béremelést hajtott végre, míg a munkavállalók közel fele egyáltalán nem részesült fizetésemelésben. A leggyakoribb juttatási elemek továbbra is a bónusz, a SZÉP-kártya és az egészségbiztosítás, ugyanakkor a munkavállalók oldalán egyre nagyobb jelentőséget kapnak az extra szabadnapok, a szakmai fejlődési lehetőségek, valamint a mentális és fizikai jóllétet támogató juttatások. A kutatás eredményei alapján a versenyképes alapbér mellett a komplex juttatási csomag továbbra is fontos tényező a jelöltek döntéshozatalában.¶¶A munkahelyválasztás során a versenyképes fizetés maradt a legfontosabb szempont, ugyanakkor a vállalat stabilitása, a work-life balance, a vezető személye és a vállalati kultúra is kiemelt szerepet játszik. A hibrid munkavégzés továbbra is fontos versenytényező: a szakemberek 72%-a ideálisan heti 2-3 nap home office-ban dolgozna. A munkáltatók több mint fele is azt vallja, hogy a jelenlegi rugalmasság kifejezetten támogatja a sikeres toborzást. Ennek következtében a cégek 95%-a nem tervez változtatni jelenlegi home office gyakorlatán.¶¶A kutatás alapján a sales és marketing piac szereplői óvatosan bizakodással tekintenek a következő évre. Bár a többség nem számít jelentős piaci fordulatra, a munkavállalók közel fele több lehetőséget vár, míg a munkáltatók több mint fele aktívabb munkaerőpiacra számít a következő 12 hónap során.	a terület oldala — összefoglaló szöveg	data/areas.json
Terület	Sales, Marketing — média	video	a terület oldala — az összefoglaló melletti doboz (video vagy highlight)	data/areas.json
Terület	Sales, Marketing — kérdéssor	Általános	a terület oldala — melyik kérdőív kérdései jelennek meg	data/areas.json
Terület	Ügyfélszolgálat, Adminisztráció — név	Ügyfélszolgálat, Adminisztráció	Kezdőoldal — területi csempe; a terület oldalának címe	data/areas.json
Terület	Ügyfélszolgálat, Adminisztráció — név a Piaci trendek legördülőben	Office Support & Ügyfélszolgálat	Kezdőoldal / Piaci trendek — Szegmens legördülő	data/build-guide-data.py (a kutatási Excel lapnevei alapján)
Terület	Ügyfélszolgálat, Adminisztráció — összefoglaló	Az Office Support és ügyfélszolgálat területen 2025-2026-ban egyszerre volt jelen a magas munkáltatói és munkavállalói aktivitás. Az elmúlt évben több nyitott pozíció jelent meg a piacon, miközben a jelöltek nyitottsága is magas maradt: a válaszadók közel 90%-a nyitott új lehetőségekre vagy aktívan keres állást.  Ennek ellenére továbbra kihívás volt megtalálni azokat a szakembereket, akik megfelelő nyelvtudással, ügyfélközpontú szemlélettel és önálló munkavégzési tapasztalattal rendelkeznek. A növekvő elvárásokat jól mutatja, hogy minden ötödik válaszadó változatlan pozíció mellett kapott több feladatot és nagyobb felelősséget az elmúlt időszakban.¶¶Az adminisztratív és ügyfélszolgálati munkakörökben egyre nagyobb szerepet kapnak a digitális készségek és a különböző vállalatirányítási rendszerek használatához kapcsolódó ismeretek. Ennek ellenére a felmérésben részt vevő jelöltek csupán 34%-a használ AI alapú eszközöket munkája során. Az automatizáció terjedésével párhuzamosan egyre nagyobb értéket képviselnek a problémamegoldó, koordinációs és kommunikációs kompetenciák.¶¶A bérezés továbbra is a legfontosabb munkahelyválasztási szempont, ugyanakkor a vállalat stabilitása, a work-life balance és a vezető személye is kiemelt szerepet játszik a döntésekben. A munkavállalók 76%-a heti 3-5 nap home office-t tartana ideálisnak, miközben a válaszadók több mint harmada jelenleg egyáltalán nem dolgozhat otthonról.¶¶A béremelések visszafogottak maradtak: a munkavállalók több mint fele nem kapott fizetésemelést az elmúlt évben, és a béremelésben részesülők többségénél is 1-5% közötti korrekció történt. Ez várhatóan tovább növeli a nyitottságot a munkahelyváltásra.¶¶Bár az adminisztratív és ügyfélszolgálati területeken a jelöltkínálat jelenleg kedvezőbb, a megfelelő nyelvtudással, rendszerismerettel és ügyfélközpontú szemlélettel rendelkező szakemberek továbbra is keresettek. A kutatás alapján sem a munkáltatói, sem a munkavállalói oldal nem számít jelentős piaci átrendeződésre, így várhatóan a jelenlegi, aktív, de kiegyensúlyozott piac marad velünk a következő évben is.	a terület oldala — összefoglaló szöveg	data/areas.json
Terület	Ügyfélszolgálat, Adminisztráció — média	highlight	a terület oldala — az összefoglaló melletti doboz (video vagy highlight)	data/areas.json
Terület	Ügyfélszolgálat, Adminisztráció — kérdéssor	Általános	a terület oldala — melyik kérdőív kérdései jelennek meg	data/areas.json
Terület	Logisztika, Szállítás — név	Logisztika, Szállítás	Kezdőoldal — területi csempe; a terület oldalának címe	data/areas.json
Terület	Logisztika, Szállítás — név a Piaci trendek legördülőben	Logisztika és szállítás	Kezdőoldal / Piaci trendek — Szegmens legördülő	data/build-guide-data.py (a kutatási Excel lapnevei alapján)
Terület	Logisztika, Szállítás — összefoglaló	A logisztikai és ellátási lánc szektor továbbra is kihívásokkal teli, ugyanakkor stabilizálódó környezetben működött az idei évben. A vállalatok fókuszában egyszerre jelent meg a költséghatékonyság, az ellátási láncok rugalmasságának növelése és a technológiai fejlesztések felgyorsítása. A munkaerő-piaci aktivitás mérsékelt növekedésére utal, hogy a munkáltatók 53%-a aktívabb piacra számít a következő 12 hónapban, míg további 33% nem vár jelentős változást. A vállalatok közel fele elsősorban a fluktuáció kezelésére koncentrál, ugyanakkor a szervezetek 50%-a valamilyen mértékű létszámbővítést is tervez.¶¶A logisztikai szakemberek iránti keresletet továbbra is az ellátási láncok optimalizálása, a készletgazdálkodás fejlesztése és az automatizáció hajtja. Különösen értékesek az operációs tapasztalattal, adatvezérelt szemlélettel és fejlett digitális kompetenciákkal egyszerre rendelkező szakemberek. Az AI és az automatizáció térnyerése már a logisztikai területeken is érzékelhető: a munkáltatók 74%-a engedélyezi AI-eszközök használatát, közel kétharmaduk pedig kapcsolódó képzést is biztosít.¶¶A jelöltpiac továbbra is nyitott. A munkavállalók mindössze 17%-a zárkózik el teljesen a váltástól, míg 55% ugyan nem keres aktívan állást, de nyitott a megfelelő megkeresésekre. Ez azt mutatja, hogy a sikeres toborzási stratégiákban továbbra is kiemelt szerepe van a direkt kereséseknek és a proaktív talent acquisition tevékenységnek.¶¶A munkahelyválasztásban a versenyképes bérezés továbbra is meghatározó: a munkavállalók 85%-a az alapbért és a juttatási csomagot a három legfontosabb szempont közé sorolja. A home office lehetőség 71%-nál, a munka-magánélet egyensúlya 45%-nál szerepel a fő tényezők között. A munkáltatók több mint fele szerint a hibrid munkavégzés támogatja a sikeres toborzást, és a cégek 90%-a nem is tervez változtatni jelenlegi gyakorlatán.¶¶A béremelések üteme ugyanakkor lassul. A vállalatok közel fele 1-5%-os emelést hajtott végre, míg a munkavállalók 44%-a egyáltalán nem részesült béremelésben. Ez várhatóan növeli a bérpiaci transzparencia és a külső benchmark adatok szerepét a következő időszakban. Az EU bértranszparencia irányelvére reagálva a szervezetek több mint 40%-a már módosította bérezési struktúráját, ami hosszú távon kiegyensúlyozottabb kompenzációs rendszerek kialakulását segítheti.	a terület oldala — összefoglaló szöveg	data/areas.json
Terület	Logisztika, Szállítás — média	video	a terület oldala — az összefoglaló melletti doboz (video vagy highlight)	data/areas.json
Terület	Logisztika, Szállítás — kérdéssor	Általános	a terület oldala — melyik kérdőív kérdései jelennek meg	data/areas.json
Terület	Gyártás, Termelés, Mérnökség — név	Gyártás, Termelés, Mérnökség	Kezdőoldal — területi csempe; a terület oldalának címe	data/areas.json
Terület	Gyártás, Termelés, Mérnökség — név a Piaci trendek legördülőben	Gyártás, termelés, mérnökség	Kezdőoldal / Piaci trendek — Szegmens legördülő	data/build-guide-data.py (a kutatási Excel lapnevei alapján)
Terület	Gyártás, Termelés, Mérnökség — összefoglaló	A mérnöki és gyártási szektor 2026-ban a korábbi évek bizonytalanságait követően fokozatosan stabilizálódik. A vállalatok közel fele valamilyen mértékű létszámbővítést tervez a következő év során, közel egyharmaduk pedig a fluktuáció kezelésére és a meglévő állomány megtartására fókuszál.¶¶A cégek több mint fele a következő 12 hónapban élénkülő jelölti aktivitásra számít, ugyanakkor a speciális műszaki tudással rendelkező szakemberek iránti kereslet továbbra is meghaladja a kínálatot. Különösen nehéz a tapasztalt gyártásfejlesztő mérnökök, automatizálási szakértők, minőségügyi vezetők, karbantartási szakemberek és projektmérnökök elérése. Ennek következtében a vállalatok egyre tudatosabban építik munkáltatói márkájukat, miközben a bércsomagok, a rugalmasság és a fejlődési lehetőségek is kiemelt szerepet kapnak.¶¶A szakemberek többsége nem aktív álláskereső: 55%-uk ugyan nem keres új lehetőséget, de nyitott a releváns megkeresésekre, míg 29%-uk aktívan figyeli a piacot és pályázik nyitott pozíciókra. Ennek következtében felértékelődik a célzott fejvadászat, a direkt keresés és a szakmai közösségeken keresztüli kapcsolatépítés.¶¶A kompenzáció továbbra is a legerősebb motivációs tényező: a jelöltek 85%-a az alapbért és a juttatási csomagot, több mint 71%-uk pedig a home office lehetőségét sorolja a legfontosabb szempontok közé. Emellett a munka-magánélet egyensúlya, a vállalat stabilitása és a közvetlen vezető személye is meghatározó. A passzív jelöltek megszólításában különösen fontos a gyors, transzparens és személyre szabott kiválasztási folyamat, valamint a vonzó karrierlehetőség, a szakmai kihívás és a hosszú távú perspektíva.¶¶A mérnökök elvárásai az elmúlt években jelentősen átalakultak. A versenyképes bér önmagában már nem elegendő: a sikeres toborzáshoz és megtartáshoz kiszámítható működésre, a fejlődési lehetőségre és a modern munkakörnyezetre is szükség van.	a terület oldala — összefoglaló szöveg	data/areas.json
Terület	Gyártás, Termelés, Mérnökség — média	video	a terület oldala — az összefoglaló melletti doboz (video vagy highlight)	data/areas.json
Terület	Gyártás, Termelés, Mérnökség — kérdéssor	Általános	a terület oldala — melyik kérdőív kérdései jelennek meg	data/areas.json
Terület	Építőipar, Ingatlan — név	Építőipar, Ingatlan	Kezdőoldal — területi csempe; a terület oldalának címe	data/areas.json
Terület	Építőipar, Ingatlan — név a Piaci trendek legördülőben	Építőipar, ingatlan	Kezdőoldal / Piaci trendek — Szegmens legördülő	data/build-guide-data.py (a kutatási Excel lapnevei alapján)
Terület	Építőipar, Ingatlan — összefoglaló	A 2025-ös évet a visszafogott beruházások és az elhalasztott projektek jellemezték. A vállalatok főként a kulcspozíciók pótlására koncentráltak, a létszámbővítéssel pedig kivártak. 2026-ra már kedvezőbbek a várakozások. Az uniós forrásokból megvalósuló fejlesztések, a közlekedési infrastruktúra korszerűsítése, az energetikai beruházások és a lakáspiac fokozatos élénkülése új megrendeléseket hozhat. Munkáltatói kutatásunk is növekvő munkaerőigényt jelez: a vállalatok 83%-a létszámbővítést tervez. Ennek hatására ismét erősödhet a kereslet a tapasztalt mérnökök, projektvezetők, építésvezetők és műszaki szakemberek iránt.¶¶Ezzel párhuzamosan a szakemberek közel 90%-a nyitott a váltásra, közülük 46% nem keres aktívan állást, de meghallgatna egy megfelelő ajánlatot. Ez jól mutatja, hogy a passzív jelöltek direkt megszólítása továbbra is kiemelten fontos.¶¶A nyitottság egyik fő oka a bérezéssel kapcsolatos elégedetlenség lehet. A munkavállalók közel fele nem kapott béremelést, miközben a vállalatok 83%-a legfeljebb 10%-os korrekciót hajtott végre. A visszafogott bérpolitika ezért könnyen növelheti a váltási hajlandóságot, és tovább erősítheti a bérelvárások és a vállalati ajánlatok közötti különbséget.¶¶A home office nem tartozik a legfontosabb motivációs tényezők közé, ugyanakkor a jelenlegi lehetőségek sok esetben elmaradnak a munkavállalói igényektől. A jelöltek többsége heti 1–3 napos hibrid működést tartana ideálisnak, miközben a munkáltatók 89%-a nem tervez változtatni a kialakított szabályokon.¶¶Az AI használatával kapcsolatban mindkét oldalon nyitottság látható. A cégek döntő többsége valamilyen formában engedélyezi az AI-eszközök használatát, és több vállalat már képzéseket is biztosít. A gyakorlati alkalmazás ugyanakkor még korlátozott, különösen a toborzásban, ahol a vállalatok 72%-a egyáltalán nem használ AI-megoldásokat.¶¶A következő időszak legnagyobb kihívását várhatóan nem a jelöltek hiánya, hanem a visszafogott vállalati bérpolitika és a munkavállalói elvárások közötti különbség jelenti majd. A tehetségek megszerzésében és megtartásában a versenyképes fizetés mellett a stabil háttér és a jó vezetői környezet is meghatározó lesz.	a terület oldala — összefoglaló szöveg	data/areas.json
Terület	Építőipar, Ingatlan — média	highlight	a terület oldala — az összefoglaló melletti doboz (video vagy highlight)	data/areas.json
Terület	Építőipar, Ingatlan — kérdéssor	Általános	a terület oldala — melyik kérdőív kérdései jelennek meg	data/areas.json
Terület	Pharma, Life Sciences — név	Pharma, Life Sciences	Kezdőoldal — területi csempe; a terület oldalának címe	data/areas.json
Terület	Pharma, Life Sciences — név a Piaci trendek legördülőben	Pharma & Life Sciences	Kezdőoldal / Piaci trendek — Szegmens legördülő	data/build-guide-data.py (a kutatási Excel lapnevei alapján)
Terület	Pharma, Life Sciences — összefoglaló	A gyógyszeripar és élettudományok munkaerőpiacát 2026-ban elsősorban az óvatosság és a kivárás jellemzik. Az idei évben a jelöltek alaposabb mérlegelés után pályáznak új pozíciókra, miközben a vállalatok is megfontoltabban terveznek: számos korábban tervezett bővítést elhalasztottak, a felmerülő kapacitásigényeket pedig sok esetben belső átcsoportosítással kezelik. A kutatásunkban részt vevő vállalatok 43%-a tervez létszámbővítést, 29% a fluktuáció kezelésére fókuszál, míg 29% leépítéssel vagy csendes leépítéssel számol.¶¶A jelölti oldalon ugyanakkor továbbra is jelentős a mobilitás: a szakemberek több mint 90%-a nyitott a váltásra. Ez egyrészt komoly toborzási potenciált jelent a munkáltatók számára, másrészt a meglévő munkavállalók megtartását is egyre nagyobb kihívássá teszi.¶¶Munkahelyváltáskor a fizetés mellett a vállalat stabilitása, a munka-magánélet egyensúlya és a szakmai fejlődési lehetőségek számítanak a legfontosabb szempontoknak. A jelöltek tehát egyre komplexebben értékelik a lehetséges munkáltatókat, és a kompenzáció önmagában már nem feltétlenül elegendő a váltási döntéshez.¶¶A rugalmasság terén ugyanakkor jól érzékelhető eltérés mutatkozik a vállalati gyakorlat és a munkavállalói igények között. A szakemberek 38%-ának egyáltalán nincs lehetősége otthonról dolgozni, miközben több mint felük a heti 3–5 nap home office-t tartaná ideálisnak. A munkáltatók 93%-a azonban nem tervez változtatni jelenlegi működési modelljén, így a rugalmasság továbbra is fontos versenytényező lesz.¶¶A béremelések mértéke sok esetben szintén elmaradt a munkavállalói várakozásoktól. A munkáltatók fele 1–5%-os emelést hajtott végre, miközben a munkavállalók 38%-a egyáltalán nem részesült béremelésben. Az emelést kapó jelöltek 62%-a pedig elégedetlen annak mértékével. Mindez tovább növelheti a versenyképes, átlátható és kiszámítható kompenzációs csomagok jelentőségét.¶¶2026-ban szinte minden iparágban meghatározó témává vált a mesterséges intelligencia: az „AI-vezérelt”, „AI-támogatott” és „AI által készített” megoldások gyakorlatilag a mindennapi működés részévé váltak. Ez alól a life sciences szektor sem kivétel. A szakemberek 76%-a legalább heti rendszerességgel használ mesterséges intelligenciát a munkája során, és a vállalatok is egyre aktívabban támogatják az AI alkalmazását. A munkáltatók 71%-a biztosít belső AI-képzéseket munkavállalóinak, 43%-uk pedig már a toborzási folyamatokban is használ mesterséges intelligenciát.	a terület oldala — összefoglaló szöveg	data/areas.json
Terület	Pharma, Life Sciences — média	highlight	a terület oldala — az összefoglaló melletti doboz (video vagy highlight)	data/areas.json
Terület	Pharma, Life Sciences — kérdéssor	Általános	a terület oldala — melyik kérdőív kérdései jelennek meg	data/areas.json
Terület	IT — név	IT	Kezdőoldal — területi csempe; a terület oldalának címe	data/areas.json
Terület	IT — név a Piaci trendek legördülőben	IT	Kezdőoldal / Piaci trendek — Szegmens legördülő	data/build-guide-data.py (a kutatási Excel lapnevei alapján)
Terület	IT — összefoglaló	Az IT munkaerőpiac az elmúlt időszakban kiegyensúlyozottabbá, a létszámtervezés óvatosabbá vált, miközben a tapasztalt szakemberek továbbra is keresettek. A következő 12 hónapban a munkáltatók 64%-a aktívabb jelöltpiacra számít. A vállalatok 34%-a elsősorban a távozó munkatársak pótlásával számol, további 42%-uk pedig kisebb-nagyobb létszámbővítést tervez.¶¶A kereslet egyre inkább a speciális, magas szintű és naprakész technológiai tudás felé tolódik. Különösen keresettek a DevOps- és felhőtechnológiák, az adat, a kiberbiztonság és az SAP S/4HANA területek szakértői. A jövőben azok az IT szakemberek kerülhetnek előnybe, akik a mély szakmai tudást széles körű technológiai ismeretekkel és AI-jártassággal tudják ötvözni.¶¶A munkavállalók több mint 80%-a nyitott egy új lehetőségre, a nemzetközi mobilitás terén ugyanakkor visszafogottabb a nyitottság. Egy külföldi álláslehetőség kedvéért a válaszadók 31%-a költözne másik országba, míg a többség inkább itthonról, távoli munkavégzés keretében vállalna munkát külföldi munkáltatónál.¶¶A munkahelyváltásnál a versenyképes fizetés mellett egyre fontosabb a munka-magánélet egyensúlya és a rugalmas munkavégzés is. A javadalmazási csomag vonzereje ma már túlmutat az alapbéren: az extra szabadnapok, a teljesítménybónusz, az egészségbiztosítás és a képzési lehetőségek érdemben növelhetik az ajánlat értékét, és támogathatják a hosszú távú megtartást.¶¶A rugalmasság változatlanul az IT munkaerőpiac egyik kulcstényezője. A vállalatok körében jelenleg a heti 2–3 nap home office a leggyakoribb modell, miközben a munkavállalók közel 85%-a heti 3–5 nap otthoni munkavégzést tartana ideálisnak. A munkáltatók 61%-a szerint jelenlegi home office modelljük támogatja a sikeres toborzást. Mivel a vállalatok többsége nem tervez változtatni jelenlegi munkarendjén, a rugalmasság várhatóan továbbra is fontos szerepet játszik majd a szakemberek megszerzésében és megtartásában.¶¶A mesterséges intelligencia az IT szakemberek mindennapi munkájának szerves részévé vált: a munkavállalók 84%-a legalább heti rendszerességgel használ AI-eszközöket. A szakemberek 69%-a úgy érzi, hogy versenyképessége megőrzéséhez tovább kell fejlesztenie AI-tudását, ezért képzéseken vesz részt, szakmai tartalmakat követ és aktívan kísérletezik az új eszközökkel. Ezt a vállalatok is egyre tudatosabban támogatják: sokan biztosítanak AI-képzéseket, és 76%-uk valamilyen AI-hoz kapcsolódó fejlesztést is végez. Az AI így ma már nem különálló technológiai kompetenciaként, hanem a mindennapi munkavégzés részeként jelenik meg.	a terület oldala — összefoglaló szöveg	data/areas.json
Terület	IT — média	video	a terület oldala — az összefoglaló melletti doboz (video vagy highlight)	data/areas.json
Terület	IT — kérdéssor	IT + Contracting	a terület oldala — melyik kérdőív kérdései jelennek meg	data/areas.json
Terület	IT Contracting — név	IT Contracting	Kezdőoldal — területi csempe; a terület oldalának címe	data/areas.json
Terület	IT Contracting — név a Piaci trendek legördülőben	IT Contracting	Kezdőoldal / Piaci trendek — Szegmens legördülő	data/build-guide-data.py (a kutatási Excel lapnevei alapján)
Terület	IT Contracting — összefoglaló	Az IT contracting stratégiai szerepe tovább erősödik: az IT munkaerőpiacot egyre inkább a rugalmasság, a speciális szaktudás és a gyors erőforrás-hozzáférés iránti igény formálja. A munkáltatók 64%-a aktívabb munkaerőpiacra számít a következő 12 hónapban, miközben minden második vállalat létszámbővítést vagy folyamatos toborzást tervez. Ez olyan piaci környezetet jelez, amelyben felértékelődhetnek a gyorsan bevonható, rugalmas szakértői kapacitást biztosító megoldások – köztük az IT contracting is.¶¶A contractor piac ehhez széles és gyorsan mobilizálható szakértői bázist kínál: a megkérdezettek 78%-a nyitott új lehetőségekre. A contractor piac legnagyobb csoportját a szoftverfejlesztők (31%), projektmenedzserek (20%), üzleti- és rendszerelemzők (18%), valamint tesztelési szakemberek alkotják, de jelentős számban érhetők el Data/AI, infrastruktúra- és üzemeltetési szakértők is.¶¶A rugalmasság a contractorok számára alapvető elvárás: 80%-uk a home office-t a három legfontosabb váltási szempont közé sorolja, 53% pedig heti 5 nap távmunkát tartana ideálisnak. Több mint felük külföldi vállalatnál is szívesen dolgozna remote formában, ami tovább bővíti a számukra elérhető lehetőségeket és erősíti a versenyt a tapasztalt szakemberekért.¶¶Munkahelyváltáskor továbbra is az alapbér és a juttatási csomag a legmeghatározóbb tényező. A bérezési adatok azt mutatják, hogy a contractorok közel fele nem kapott béremelést az idei évben; az emelésben részesülők 63%-a azonban elégedett annak mértékével. A vállalatok többsége 1-5% közötti béremelést hajtott végre az idei évben.¶¶A contractorokat nemcsak a versenyképes javadalmazás, hanem a szakmai fejlődés, az új technológiák és az érdekes projektek is motiválják. Ezt támasztja alá, hogy 63%-uk napi szinten használ AI-eszközöket, míg 83%-uk tudatosan fejleszti AI-kompetenciáit a hatékonyabb munkavégzés érdekében. Az adatok alapján a contractorok nem csupán tapasztalt szakemberek, hanem a piac egyik leginkább technológiailag naprakész szakértői közösségét alkotják. A vállalatok oldalán is erős az AI iránti nyitottság: 75%-uk már végez AI-hoz kapcsolódó fejlesztést, kétharmaduk pedig belső AI-képzést is biztosít a munkavállalók számára.	a terület oldala — összefoglaló szöveg	data/areas.json
Terület	IT Contracting — média	video	a terület oldala — az összefoglaló melletti doboz (video vagy highlight)	data/areas.json
Terület	IT Contracting — kérdéssor	IT + Contracting	a terület oldala — melyik kérdőív kérdései jelennek meg	data/areas.json
SAP MEGOLDÁSOK				
SAP katalógus	1. kategória — cím	S/4 HANA transzformációs szolgáltatások	SAP — SAP megoldások bemutatása, csempe címe	data/guide-data.json (kézzel, 2026-07)
SAP katalógus	1. kategória — 1. tétel	S/4 HANA Rise bevezetések	SAP — SAP megoldások bemutatása, csempe felsorolása	data/guide-data.json (kézzel, 2026-07)
SAP katalógus	1. kategória — 2. tétel	SAP ECC – SAP S/4 átállás és konverzió	SAP — SAP megoldások bemutatása, csempe felsorolása	data/guide-data.json (kézzel, 2026-07)
SAP katalógus	1. kategória — 3. tétel	Brownfield és bluefield megközelítések	SAP — SAP megoldások bemutatása, csempe felsorolása	data/guide-data.json (kézzel, 2026-07)
SAP katalógus	1. kategória — 4. tétel	SAP Carve-out	SAP — SAP megoldások bemutatása, csempe felsorolása	data/guide-data.json (kézzel, 2026-07)
SAP katalógus	1. kategória — 5. tétel	Cloud és hybrid cloud megoldások	SAP — SAP megoldások bemutatása, csempe felsorolása	data/guide-data.json (kézzel, 2026-07)
SAP katalógus	2. kategória — cím	Tradicionális SAP funkcionális tanácsadás és fejlesztés	SAP — SAP megoldások bemutatása, csempe címe	data/guide-data.json (kézzel, 2026-07)
SAP katalógus	2. kategória — 1. tétel	Modul szakértői tudás (pénzügy, logisztika, értékesítés, szerviz, gyártás, karbantartás)	SAP — SAP megoldások bemutatása, csempe felsorolása	data/guide-data.json (kézzel, 2026-07)
SAP katalógus	2. kategória — 2. tétel	End-to-End folyamati megoldások (Order to Cash, Purchase to Pay)	SAP — SAP megoldások bemutatása, csempe felsorolása	data/guide-data.json (kézzel, 2026-07)
SAP katalógus	2. kategória — 3. tétel	SAP SCM	SAP — SAP megoldások bemutatása, csempe felsorolása	data/guide-data.json (kézzel, 2026-07)
SAP katalógus	2. kategória — 4. tétel	SAP eWM	SAP — SAP megoldások bemutatása, csempe felsorolása	data/guide-data.json (kézzel, 2026-07)
SAP katalógus	3. kategória — cím	Specializált SAP megoldásaink	SAP — SAP megoldások bemutatása, csempe címe	data/guide-data.json (kézzel, 2026-07)
SAP katalógus	3. kategória — 1. tétel	SAP SuccessFactors, HCM és SmartRecruiters	SAP — SAP megoldások bemutatása, csempe felsorolása	data/guide-data.json (kézzel, 2026-07)
SAP katalógus	3. kategória — 2. tétel	SAP Signavio	SAP — SAP megoldások bemutatása, csempe felsorolása	data/guide-data.json (kézzel, 2026-07)
SAP katalógus	3. kategória — 3. tétel	SAP Business Technology Platform (BTP)	SAP — SAP megoldások bemutatása, csempe felsorolása	data/guide-data.json (kézzel, 2026-07)
SAP katalógus	3. kategória — 4. tétel	SAP Invoice Management	SAP — SAP megoldások bemutatása, csempe felsorolása	data/guide-data.json (kézzel, 2026-07)
SAP katalógus	3. kategória — 5. tétel	xECM for SAP és SAP DMS megoldások	SAP — SAP megoldások bemutatása, csempe felsorolása	data/guide-data.json (kézzel, 2026-07)
SAP katalógus	3. kategória — 6. tétel	SAP Archiválás	SAP — SAP megoldások bemutatása, csempe felsorolása	data/guide-data.json (kézzel, 2026-07)
SAP katalógus	4. kategória — cím	SAP Cloud ERP, Public Edition	SAP — SAP megoldások bemutatása, csempe címe	data/guide-data.json (kézzel, 2026-07)
SAP katalógus	4. kategória — 1. tétel	Cloud ERP bevezetések és template alapú rolloutok	SAP — SAP megoldások bemutatása, csempe felsorolása	data/guide-data.json (kézzel, 2026-07)
SAP katalógus	4. kategória — 2. tétel	Standardizált folyamatok és gyorsabb implementáció	SAP — SAP megoldások bemutatása, csempe felsorolása	data/guide-data.json (kézzel, 2026-07)
SAP katalógus	4. kategória — 3. tétel	Integrációs és adat-migrációs támogatás	SAP — SAP megoldások bemutatása, csempe felsorolása	data/guide-data.json (kézzel, 2026-07)
SAP katalógus	4. kategória — 4. tétel	Változáskezelés és üzleti oldali felkészítés	SAP — SAP megoldások bemutatása, csempe felsorolása	data/guide-data.json (kézzel, 2026-07)
SAP katalógus	5. kategória — cím	Egyedi SAP megoldások partnereinkre szabva	SAP — SAP megoldások bemutatása, csempe címe	data/guide-data.json (kézzel, 2026-07)
SAP katalógus	5. kategória — 1. tétel	SAP VIM, szállítói számlakezelés, pénzügyi megoldások	SAP — SAP megoldások bemutatása, csempe felsorolása	data/guide-data.json (kézzel, 2026-07)
SAP katalógus	5. kategória — 2. tétel	SAP beszerzési, logisztikai és gyártási megoldások	SAP — SAP megoldások bemutatása, csempe felsorolása	data/guide-data.json (kézzel, 2026-07)
SAP katalógus	5. kategória — 3. tétel	SAP karbantartási megoldások	SAP — SAP megoldások bemutatása, csempe felsorolása	data/guide-data.json (kézzel, 2026-07)
SAP katalógus	5. kategória — 4. tétel	SAP mobilmegoldások	SAP — SAP megoldások bemutatása, csempe felsorolása	data/guide-data.json (kézzel, 2026-07)
SAP katalógus	5. kategória — 5. tétel	SAP Adat- és dokumentumarchiválási megoldások	SAP — SAP megoldások bemutatása, csempe felsorolása	data/guide-data.json (kézzel, 2026-07)
SAP katalógus	5. kategória — 6. tétel	Egyedi rendszerintegrációs megoldások – 3rd Party integráció	SAP — SAP megoldások bemutatása, csempe felsorolása	data/guide-data.json (kézzel, 2026-07)
KUTATÁS (Piaci trendek és területi oldalak)				
Kutatás — téma	1. téma neve	Munkahely váltás és toborzási kilátások	Kezdőoldal / Piaci trendek és a területi oldalak — Téma legördülő	kutatási Excel (Salary Guide- kutatási eredmények-final.xlsx) + build-guide-data.py (2 átnevezés)
Kutatás — téma	2. téma neve	Home office	Kezdőoldal / Piaci trendek és a területi oldalak — Téma legördülő	kutatási Excel (Salary Guide- kutatási eredmények-final.xlsx) + build-guide-data.py (2 átnevezés)
Kutatás — téma	3. téma neve	AI	Kezdőoldal / Piaci trendek és a területi oldalak — Téma legördülő	kutatási Excel (Salary Guide- kutatási eredmények-final.xlsx) + build-guide-data.py (2 átnevezés)
Kutatás — téma	4. téma neve	Bérezés és juttatások	Kezdőoldal / Piaci trendek és a területi oldalak — Téma legördülő	kutatási Excel (Salary Guide- kutatási eredmények-final.xlsx) + build-guide-data.py (2 átnevezés)
Kutatás — kérdéssor	1. kérdéssor	Általános	melyik kérdőívet követi egy terület (IT és IT Contracting: IT + Contracting; a többi: Általános)	data/build-guide-data.py
Kutatás — kérdéssor	2. kérdéssor	IT + Contracting	melyik kérdőívet követi egy terület (IT és IT Contracting: IT + Contracting; a többi: Általános)	data/build-guide-data.py
Kutatás — szegmens	Munkavállalók — 1. tapasztalati sáv	kevesebb, mint 1 év	Munkavállalók oszlop — »Válaszok szűrése tapasztalat szerint« legördülő, ebben a sorrendben	kutatási Excel (Salary Guide- kutatási eredmények-final.xlsx) + az oldal kódja (sorrend)
Kutatás — szegmens	Munkavállalók — 2. tapasztalati sáv	1-2 év	Munkavállalók oszlop — »Válaszok szűrése tapasztalat szerint« legördülő, ebben a sorrendben	kutatási Excel (Salary Guide- kutatási eredmények-final.xlsx) + az oldal kódja (sorrend)
Kutatás — szegmens	Munkavállalók — 3. tapasztalati sáv	3-5 év	Munkavállalók oszlop — »Válaszok szűrése tapasztalat szerint« legördülő, ebben a sorrendben	kutatási Excel (Salary Guide- kutatási eredmények-final.xlsx) + az oldal kódja (sorrend)
Kutatás — szegmens	Munkavállalók — 4. tapasztalati sáv	6-10 év	Munkavállalók oszlop — »Válaszok szűrése tapasztalat szerint« legördülő, ebben a sorrendben	kutatási Excel (Salary Guide- kutatási eredmények-final.xlsx) + az oldal kódja (sorrend)
Kutatás — szegmens	Munkavállalók — 5. tapasztalati sáv	11-20 év	Munkavállalók oszlop — »Válaszok szűrése tapasztalat szerint« legördülő, ebben a sorrendben	kutatási Excel (Salary Guide- kutatási eredmények-final.xlsx) + az oldal kódja (sorrend)
Kutatás — szegmens	Munkavállalók — 6. tapasztalati sáv	több, mint 20 év	Munkavállalók oszlop — »Válaszok szűrése tapasztalat szerint« legördülő, ebben a sorrendben	kutatási Excel (Salary Guide- kutatási eredmények-final.xlsx) + az oldal kódja (sorrend)
Kutatás — szegmens	Munkáltatók — 1. cégméret	50 fő alatti	Munkáltatók oszlop — »Válaszok szűrése cégméret szerint« legördülő, ebben a sorrendben	kutatási Excel (Salary Guide- kutatási eredmények-final.xlsx) + az oldal kódja (sorrend)
Kutatás — szegmens	Munkáltatók — 2. cégméret	51-100 fő	Munkáltatók oszlop — »Válaszok szűrése cégméret szerint« legördülő, ebben a sorrendben	kutatási Excel (Salary Guide- kutatási eredmények-final.xlsx) + az oldal kódja (sorrend)
Kutatás — szegmens	Munkáltatók — 3. cégméret	101-350 fő	Munkáltatók oszlop — »Válaszok szűrése cégméret szerint« legördülő, ebben a sorrendben	kutatási Excel (Salary Guide- kutatási eredmények-final.xlsx) + az oldal kódja (sorrend)
Kutatás — szegmens	Munkáltatók — 4. cégméret	351-1000 fő	Munkáltatók oszlop — »Válaszok szűrése cégméret szerint« legördülő, ebben a sorrendben	kutatási Excel (Salary Guide- kutatási eredmények-final.xlsx) + az oldal kódja (sorrend)
Kutatás — szegmens	Munkáltatók — 5. cégméret	1000 fő feletti	Munkáltatók oszlop — »Válaszok szűrése cégméret szerint« legördülő, ebben a sorrendben	kutatási Excel (Salary Guide- kutatási eredmények-final.xlsx) + az oldal kódja (sorrend)
Kutatás — kérdés	Munkavállalók — 1. kérdés szövege	Változott a pozíciód az elmúlt fél évben?	Munkavállalók oszlop — a grafikon címe	kutatási Excel (Salary Guide- kutatási eredmények-final.xlsx)
Kutatás — válasz	Munkavállalók — 1. kérdés — 1. válasz	Igen, több felelősséget / feladatot kaptam	Munkavállalók oszlop — a 1. kérdés válaszlehetősége	kutatási Excel (Salary Guide- kutatási eredmények-final.xlsx)
Kutatás — válasz	Munkavállalók — 1. kérdés — 2. válasz	Igen, előléptettek	Munkavállalók oszlop — a 1. kérdés válaszlehetősége	kutatási Excel (Salary Guide- kutatási eredmények-final.xlsx)
Kutatás — válasz	Munkavállalók — 1. kérdés — 3. válasz	Igen, munkahelyet váltottam	Munkavállalók oszlop — a 1. kérdés válaszlehetősége	kutatási Excel (Salary Guide- kutatási eredmények-final.xlsx)
Kutatás — válasz	Munkavállalók — 1. kérdés — 4. válasz	Nem	Munkavállalók oszlop — a 1. kérdés válaszlehetősége	kutatási Excel (Salary Guide- kutatási eredmények-final.xlsx)
Kutatás — kérdés	Munkavállalók — 2. kérdés szövege	Melyik állítás írja le legjobban a jelenlegi státuszodat a munkaerőpiacon?	Munkavállalók oszlop — a grafikon címe	kutatási Excel (Salary Guide- kutatási eredmények-final.xlsx)
Kutatás — válasz	Munkavállalók — 2. kérdés — 1. válasz	Nem keresek állást és nem is vagyok nyitott váltásra	Munkavállalók oszlop — a 2. kérdés válaszlehetősége	kutatási Excel (Salary Guide- kutatási eredmények-final.xlsx)
Kutatás — válasz	Munkavállalók — 2. kérdés — 2. válasz	Nem keresek aktívan állást, de nyitott vagyok, ha megtalálnak egy jó lehetőséggel	Munkavállalók oszlop — a 2. kérdés válaszlehetősége	kutatási Excel (Salary Guide- kutatási eredmények-final.xlsx)
Kutatás — válasz	Munkavállalók — 2. kérdés — 3. válasz	Aktívan keresek új munkahelyet és jelentkezem állásokra	Munkavállalók oszlop — a 2. kérdés válaszlehetősége	kutatási Excel (Salary Guide- kutatási eredmények-final.xlsx)
Kutatás — kérdés	Munkavállalók — 3. kérdés szövege	Jelöld 1-4-ig terjedő skálán, hogy mennyire fontosak az alábbi szempontok számodra váltáskor! (1= kevésbé fontos, 4= nagyon fontos)	Munkavállalók oszlop — a grafikon címe	kutatási Excel (Salary Guide- kutatási eredmények-final.xlsx)
Kutatás — válasz	Munkavállalók — 3. kérdés — 1. válasz	fizetés	Munkavállalók oszlop — a 3. kérdés válaszlehetősége (súlyozott átlag, 1–4)	kutatási Excel (Salary Guide- kutatási eredmények-final.xlsx)
Kutatás — válasz	Munkavállalók — 3. kérdés — 2. válasz	home office	Munkavállalók oszlop — a 3. kérdés válaszlehetősége (súlyozott átlag, 1–4)	kutatási Excel (Salary Guide- kutatási eredmények-final.xlsx)
Kutatás — válasz	Munkavállalók — 3. kérdés — 3. válasz	work-life balance	Munkavállalók oszlop — a 3. kérdés válaszlehetősége (súlyozott átlag, 1–4)	kutatási Excel (Salary Guide- kutatási eredmények-final.xlsx)
Kutatás — válasz	Munkavállalók — 3. kérdés — 4. válasz	szakmai fejlődés lehetősége	Munkavállalók oszlop — a 3. kérdés válaszlehetősége (súlyozott átlag, 1–4)	kutatási Excel (Salary Guide- kutatási eredmények-final.xlsx)
Kutatás — válasz	Munkavállalók — 3. kérdés — 5. válasz	tervezhető karrierút	Munkavállalók oszlop — a 3. kérdés válaszlehetősége (súlyozott átlag, 1–4)	kutatási Excel (Salary Guide- kutatási eredmények-final.xlsx)
Kutatás — válasz	Munkavállalók — 3. kérdés — 6. válasz	lokáció	Munkavállalók oszlop — a 3. kérdés válaszlehetősége (súlyozott átlag, 1–4)	kutatási Excel (Salary Guide- kutatási eredmények-final.xlsx)
Kutatás — válasz	Munkavállalók — 3. kérdés — 7. válasz	vállalati kultúra	Munkavállalók oszlop — a 3. kérdés válaszlehetősége (súlyozott átlag, 1–4)	kutatási Excel (Salary Guide- kutatási eredmények-final.xlsx)
Kutatás — válasz	Munkavállalók — 3. kérdés — 8. válasz	jövőbeli felettes személye	Munkavállalók oszlop — a 3. kérdés válaszlehetősége (súlyozott átlag, 1–4)	kutatási Excel (Salary Guide- kutatási eredmények-final.xlsx)
Kutatás — válasz	Munkavállalók — 3. kérdés — 9. válasz	vállalat stabilitása	Munkavállalók oszlop — a 3. kérdés válaszlehetősége (súlyozott átlag, 1–4)	kutatási Excel (Salary Guide- kutatási eredmények-final.xlsx)
Kutatás — kérdés	Munkavállalók — 4. kérdés szövege	Mire számítasz a munkaerő-piaci lehetőségek tekintetében a következő 12 hónapban?	Munkavállalók oszlop — a grafikon címe	kutatási Excel (Salary Guide- kutatási eredmények-final.xlsx)
Kutatás — válasz	Munkavállalók — 4. kérdés — 1. válasz	Jelentősen több nyitott pozícióra számítok	Munkavállalók oszlop — a 4. kérdés válaszlehetősége	kutatási Excel (Salary Guide- kutatási eredmények-final.xlsx)
Kutatás — válasz	Munkavállalók — 4. kérdés — 2. válasz	Mérsékelten több lehetőségre számítok	Munkavállalók oszlop — a 4. kérdés válaszlehetősége	kutatási Excel (Salary Guide- kutatási eredmények-final.xlsx)
Kutatás — válasz	Munkavállalók — 4. kérdés — 3. válasz	Nem várok jelentős változást	Munkavállalók oszlop — a 4. kérdés válaszlehetősége	kutatási Excel (Salary Guide- kutatási eredmények-final.xlsx)
Kutatás — válasz	Munkavállalók — 4. kérdés — 4. válasz	Kevesebb lehetőségre számítok	Munkavállalók oszlop — a 4. kérdés válaszlehetősége	kutatási Excel (Salary Guide- kutatási eredmények-final.xlsx)
Kutatás — válasz	Munkavállalók — 4. kérdés — 5. válasz	Jelentősen kevesebb lehetőségre számítok	Munkavállalók oszlop — a 4. kérdés válaszlehetősége	kutatási Excel (Salary Guide- kutatási eredmények-final.xlsx)
Kutatás — kérdés	Munkavállalók — 5. kérdés szövege	Jelenleg heti hány nap home office-t engedélyez számodra a munkáltatód?	Munkavállalók oszlop — a grafikon címe	kutatási Excel (Salary Guide- kutatási eredmények-final.xlsx)
Kutatás — válasz	Munkavállalók — 5. kérdés — 1. válasz	0	Munkavállalók oszlop — a 5. kérdés válaszlehetősége	kutatási Excel (Salary Guide- kutatási eredmények-final.xlsx)
Kutatás — válasz	Munkavállalók — 5. kérdés — 2. válasz	1	Munkavállalók oszlop — a 5. kérdés válaszlehetősége	kutatási Excel (Salary Guide- kutatási eredmények-final.xlsx)
Kutatás — válasz	Munkavállalók — 5. kérdés — 3. válasz	2	Munkavállalók oszlop — a 5. kérdés válaszlehetősége	kutatási Excel (Salary Guide- kutatási eredmények-final.xlsx)
Kutatás — válasz	Munkavállalók — 5. kérdés — 4. válasz	3	Munkavállalók oszlop — a 5. kérdés válaszlehetősége	kutatási Excel (Salary Guide- kutatási eredmények-final.xlsx)
Kutatás — válasz	Munkavállalók — 5. kérdés — 5. válasz	4	Munkavállalók oszlop — a 5. kérdés válaszlehetősége	kutatási Excel (Salary Guide- kutatási eredmények-final.xlsx)
Kutatás — válasz	Munkavállalók — 5. kérdés — 6. válasz	5	Munkavállalók oszlop — a 5. kérdés válaszlehetősége	kutatási Excel (Salary Guide- kutatási eredmények-final.xlsx)
Kutatás — kérdés	Munkavállalók — 6. kérdés szövege	Hetente hány nap home office lenne ideális számodra?	Munkavállalók oszlop — a grafikon címe	kutatási Excel (Salary Guide- kutatási eredmények-final.xlsx)
Kutatás — válasz	Munkavállalók — 6. kérdés — 1. válasz	0	Munkavállalók oszlop — a 6. kérdés válaszlehetősége	kutatási Excel (Salary Guide- kutatási eredmények-final.xlsx)
Kutatás — válasz	Munkavállalók — 6. kérdés — 2. válasz	1	Munkavállalók oszlop — a 6. kérdés válaszlehetősége	kutatási Excel (Salary Guide- kutatási eredmények-final.xlsx)
Kutatás — válasz	Munkavállalók — 6. kérdés — 3. válasz	2	Munkavállalók oszlop — a 6. kérdés válaszlehetősége	kutatási Excel (Salary Guide- kutatási eredmények-final.xlsx)
Kutatás — válasz	Munkavállalók — 6. kérdés — 4. válasz	3	Munkavállalók oszlop — a 6. kérdés válaszlehetősége	kutatási Excel (Salary Guide- kutatási eredmények-final.xlsx)
Kutatás — válasz	Munkavállalók — 6. kérdés — 5. válasz	4	Munkavállalók oszlop — a 6. kérdés válaszlehetősége	kutatási Excel (Salary Guide- kutatási eredmények-final.xlsx)
Kutatás — válasz	Munkavállalók — 6. kérdés — 6. válasz	5	Munkavállalók oszlop — a 6. kérdés válaszlehetősége	kutatási Excel (Salary Guide- kutatási eredmények-final.xlsx)
Kutatás — kérdés	Munkavállalók — 7. kérdés szövege	Milyen gyakran használsz mesterséges intelligencia alapú eszközöket a munkád során?	Munkavállalók oszlop — a grafikon címe	kutatási Excel (Salary Guide- kutatási eredmények-final.xlsx)
Kutatás — válasz	Munkavállalók — 7. kérdés — 1. válasz	Napi szinten	Munkavállalók oszlop — a 7. kérdés válaszlehetősége	kutatási Excel (Salary Guide- kutatási eredmények-final.xlsx)
Kutatás — válasz	Munkavállalók — 7. kérdés — 2. válasz	Hetente 1-2 alkalommal	Munkavállalók oszlop — a 7. kérdés válaszlehetősége	kutatási Excel (Salary Guide- kutatási eredmények-final.xlsx)
Kutatás — válasz	Munkavállalók — 7. kérdés — 3. válasz	Havonta néhányszor	Munkavállalók oszlop — a 7. kérdés válaszlehetősége	kutatási Excel (Salary Guide- kutatási eredmények-final.xlsx)
Kutatás — válasz	Munkavállalók — 7. kérdés — 4. válasz	Nem használok AI-t a munkám során	Munkavállalók oszlop — a 7. kérdés válaszlehetősége	kutatási Excel (Salary Guide- kutatási eredmények-final.xlsx)
Kutatás — kérdés	Munkavállalók — 8. kérdés szövege	Mire használod leggyakrabban az AI-t a munkádban? (Jelöld be az összeset, ami rád jellemző!)	Munkavállalók oszlop — a grafikon címe	kutatási Excel (Salary Guide- kutatási eredmények-final.xlsx)
Kutatás — válasz	Munkavállalók — 8. kérdés — 1. válasz	Szövegírás, fogalmazás (e-mail, dokumentum, prezentáció stb.)	Munkavállalók oszlop — a 8. kérdés válaszlehetősége	kutatási Excel (Salary Guide- kutatási eredmények-final.xlsx)
Kutatás — válasz	Munkavállalók — 8. kérdés — 2. válasz	Információgyűjtés, kutatás, összefoglalás, ötletelés	Munkavállalók oszlop — a 8. kérdés válaszlehetősége	kutatási Excel (Salary Guide- kutatási eredmények-final.xlsx)
Kutatás — válasz	Munkavállalók — 8. kérdés — 3. válasz	Adatelemzés, riportolás, táblázatkezelés	Munkavállalók oszlop — a 8. kérdés válaszlehetősége	kutatási Excel (Salary Guide- kutatási eredmények-final.xlsx)
Kutatás — válasz	Munkavállalók — 8. kérdés — 4. válasz	Fordítás vagy nyelvi ellenőrzés	Munkavállalók oszlop — a 8. kérdés válaszlehetősége	kutatási Excel (Salary Guide- kutatási eredmények-final.xlsx)
Kutatás — válasz	Munkavállalók — 8. kérdés — 5. válasz	Kódolás, programozás, munkafolyamatok automatizálása	Munkavállalók oszlop — a 8. kérdés válaszlehetősége	kutatási Excel (Salary Guide- kutatási eredmények-final.xlsx)
Kutatás — kérdés	Munkavállalók — 9. kérdés szövege	Mit gondolsz, milyen hatása lesz az AI-nak a munkádra a következő 3 évben? (Jelöld be az összeset, amivel egyetértesz!)	Munkavállalók oszlop — a grafikon címe	kutatási Excel (Salary Guide- kutatási eredmények-final.xlsx)
Kutatás — válasz	Munkavállalók — 9. kérdés — 1. válasz	Gyorsabban és hatékonyabban fogom tudni végezni a jelenlegi feladataimat	Munkavállalók oszlop — a 9. kérdés válaszlehetősége	kutatási Excel (Salary Guide- kutatási eredmények-final.xlsx)
Kutatás — válasz	Munkavállalók — 9. kérdés — 2. válasz	A pozícióm jelentősen átalakul, új típusú feladatokat fogok kapni	Munkavállalók oszlop — a 9. kérdés válaszlehetősége	kutatási Excel (Salary Guide- kutatási eredmények-final.xlsx)
Kutatás — válasz	Munkavállalók — 9. kérdés — 3. válasz	Folyamatosan képeznem kell majd magam, hogy lépést tartsak	Munkavállalók oszlop — a 9. kérdés válaszlehetősége	kutatási Excel (Salary Guide- kutatási eredmények-final.xlsx)
Kutatás — válasz	Munkavállalók — 9. kérdés — 4. válasz	Az AI használata alapvető elvárássá válik a munkakörömben	Munkavállalók oszlop — a 9. kérdés válaszlehetősége	kutatási Excel (Salary Guide- kutatási eredmények-final.xlsx)
Kutatás — válasz	Munkavállalók — 9. kérdés — 5. válasz	Új szakmai lehetőségeket nyithat meg számomra	Munkavállalók oszlop — a 9. kérdés válaszlehetősége	kutatási Excel (Salary Guide- kutatási eredmények-final.xlsx)
Kutatás — válasz	Munkavállalók — 9. kérdés — 6. válasz	Veszélyben érzem a munkahelyemet az AI miatt	Munkavállalók oszlop — a 9. kérdés válaszlehetősége	kutatási Excel (Salary Guide- kutatási eredmények-final.xlsx)
Kutatás — válasz	Munkavállalók — 9. kérdés — 7. válasz	Nem gondolom, hogy érdemi hatása lesz a munkámra	Munkavállalók oszlop — a 9. kérdés válaszlehetősége	kutatási Excel (Salary Guide- kutatási eredmények-final.xlsx)
Kutatás — kérdés	Munkavállalók — 10. kérdés szövege	Hány százalékkal nőtt a fizetésed az idei évben?	Munkavállalók oszlop — a grafikon címe	kutatási Excel (Salary Guide- kutatási eredmények-final.xlsx)
Kutatás — válasz	Munkavállalók — 10. kérdés — 1. válasz	Nem kaptam béremelést	Munkavállalók oszlop — a 10. kérdés válaszlehetősége	kutatási Excel (Salary Guide- kutatási eredmények-final.xlsx)
Kutatás — válasz	Munkavállalók — 10. kérdés — 2. válasz	1-5	Munkavállalók oszlop — a 10. kérdés válaszlehetősége	kutatási Excel (Salary Guide- kutatási eredmények-final.xlsx)
Kutatás — válasz	Munkavállalók — 10. kérdés — 3. válasz	6-10	Munkavállalók oszlop — a 10. kérdés válaszlehetősége	kutatási Excel (Salary Guide- kutatási eredmények-final.xlsx)
Kutatás — válasz	Munkavállalók — 10. kérdés — 4. válasz	11-15	Munkavállalók oszlop — a 10. kérdés válaszlehetősége	kutatási Excel (Salary Guide- kutatási eredmények-final.xlsx)
Kutatás — válasz	Munkavállalók — 10. kérdés — 5. válasz	16-20	Munkavállalók oszlop — a 10. kérdés válaszlehetősége	kutatási Excel (Salary Guide- kutatási eredmények-final.xlsx)
Kutatás — válasz	Munkavállalók — 10. kérdés — 6. válasz	21+	Munkavállalók oszlop — a 10. kérdés válaszlehetősége	kutatási Excel (Salary Guide- kutatási eredmények-final.xlsx)
Kutatás — kérdés	Munkavállalók — 11. kérdés szövege	Mennyire vagy elégedett a fizetésemeléssel, amit kaptál?	Munkavállalók oszlop — a grafikon címe	kutatási Excel (Salary Guide- kutatási eredmények-final.xlsx)
Kutatás — válasz	Munkavállalók — 11. kérdés — 1. válasz	Teljes mértékben	Munkavállalók oszlop — a 11. kérdés válaszlehetősége	kutatási Excel (Salary Guide- kutatási eredmények-final.xlsx)
Kutatás — válasz	Munkavállalók — 11. kérdés — 2. válasz	Inkább igen	Munkavállalók oszlop — a 11. kérdés válaszlehetősége	kutatási Excel (Salary Guide- kutatási eredmények-final.xlsx)
Kutatás — válasz	Munkavállalók — 11. kérdés — 3. válasz	Inkább nem	Munkavállalók oszlop — a 11. kérdés válaszlehetősége	kutatási Excel (Salary Guide- kutatási eredmények-final.xlsx)
Kutatás — válasz	Munkavállalók — 11. kérdés — 4. válasz	Egyáltalán nem	Munkavállalók oszlop — a 11. kérdés válaszlehetősége	kutatási Excel (Salary Guide- kutatási eredmények-final.xlsx)
Kutatás — kérdés	Munkavállalók — 12. kérdés szövege	Jelöld 1-4-ig terjedő skálán, hogy mennyire fontosak számodra az alábbi juttatási elemek! (1= kevésbé fontos, 4= nagyon fontos)	Munkavállalók oszlop — a grafikon címe	kutatási Excel (Salary Guide- kutatási eredmények-final.xlsx)
Kutatás — válasz	Munkavállalók — 12. kérdés — 1. válasz	Bónusz	Munkavállalók oszlop — a 12. kérdés válaszlehetősége (súlyozott átlag, 1–4)	kutatási Excel (Salary Guide- kutatási eredmények-final.xlsx)
Kutatás — válasz	Munkavállalók — 12. kérdés — 2. válasz	SZÉP kártya	Munkavállalók oszlop — a 12. kérdés válaszlehetősége (súlyozott átlag, 1–4)	kutatási Excel (Salary Guide- kutatási eredmények-final.xlsx)
Kutatás — válasz	Munkavállalók — 12. kérdés — 3. válasz	Cafeteria az alapbérbe építve	Munkavállalók oszlop — a 12. kérdés válaszlehetősége (súlyozott átlag, 1–4)	kutatási Excel (Salary Guide- kutatási eredmények-final.xlsx)
Kutatás — válasz	Munkavállalók — 12. kérdés — 4. válasz	Egészségbiztosítás	Munkavállalók oszlop — a 12. kérdés válaszlehetősége (súlyozott átlag, 1–4)	kutatási Excel (Salary Guide- kutatási eredmények-final.xlsx)
Kutatás — válasz	Munkavállalók — 12. kérdés — 5. válasz	Bérlet (tömegközlekedés)	Munkavállalók oszlop — a 12. kérdés válaszlehetősége (súlyozott átlag, 1–4)	kutatási Excel (Salary Guide- kutatási eredmények-final.xlsx)
Kutatás — válasz	Munkavállalók — 12. kérdés — 6. válasz	Extra utazási támogatás (a törvény által előírt felett)	Munkavállalók oszlop — a 12. kérdés válaszlehetősége (súlyozott átlag, 1–4)	kutatási Excel (Salary Guide- kutatási eredmények-final.xlsx)
Kutatás — válasz	Munkavállalók — 12. kérdés — 7. válasz	Autó privát használatra	Munkavállalók oszlop — a 12. kérdés válaszlehetősége (súlyozott átlag, 1–4)	kutatási Excel (Salary Guide- kutatási eredmények-final.xlsx)
Kutatás — válasz	Munkavállalók — 12. kérdés — 8. válasz	Car sharing (pl. GreenGo, MOL Limo, Wigo)	Munkavállalók oszlop — a 12. kérdés válaszlehetősége (súlyozott átlag, 1–4)	kutatási Excel (Salary Guide- kutatási eredmények-final.xlsx)
Kutatás — válasz	Munkavállalók — 12. kérdés — 9. válasz	Egyéni tréning költségvetés	Munkavállalók oszlop — a 12. kérdés válaszlehetősége (súlyozott átlag, 1–4)	kutatási Excel (Salary Guide- kutatási eredmények-final.xlsx)
Kutatás — válasz	Munkavállalók — 12. kérdés — 10. válasz	Ingyenes / kedvezményes étkeztetés	Munkavállalók oszlop — a 12. kérdés válaszlehetősége (súlyozott átlag, 1–4)	kutatási Excel (Salary Guide- kutatási eredmények-final.xlsx)
Kutatás — válasz	Munkavállalók — 12. kérdés — 11. válasz	Sport támogatás (pl. AYCM)	Munkavállalók oszlop — a 12. kérdés válaszlehetősége (súlyozott átlag, 1–4)	kutatási Excel (Salary Guide- kutatási eredmények-final.xlsx)
Kutatás — válasz	Munkavállalók — 12. kérdés — 12. válasz	Extra szabadnapok	Munkavállalók oszlop — a 12. kérdés válaszlehetősége (súlyozott átlag, 1–4)	kutatási Excel (Salary Guide- kutatási eredmények-final.xlsx)
Kutatás — válasz	Munkavállalók — 12. kérdés — 13. válasz	Fizetett apasági szabadság (a törvény által előírt felett)	Munkavállalók oszlop — a 12. kérdés válaszlehetősége (súlyozott átlag, 1–4)	kutatási Excel (Salary Guide- kutatási eredmények-final.xlsx)
Kutatás — válasz	Munkavállalók — 12. kérdés — 14. válasz	Önkéntes nyugdíjpénztár	Munkavállalók oszlop — a 12. kérdés válaszlehetősége (súlyozott átlag, 1–4)	kutatási Excel (Salary Guide- kutatási eredmények-final.xlsx)
Kutatás — válasz	Munkavállalók — 12. kérdés — 15. válasz	Mentálhigiénés támogatás, életvezetési tanácsadás	Munkavállalók oszlop — a 12. kérdés válaszlehetősége (súlyozott átlag, 1–4)	kutatási Excel (Salary Guide- kutatási eredmények-final.xlsx)
Kutatás — válasz	Munkavállalók — 12. kérdés — 16. válasz	Otthoni munkaállomás kialakításának finanszírozása	Munkavállalók oszlop — a 12. kérdés válaszlehetősége (súlyozott átlag, 1–4)	kutatási Excel (Salary Guide- kutatási eredmények-final.xlsx)
Kutatás — válasz	Munkavállalók — 12. kérdés — 17. válasz	Részvénycsomag	Munkavállalók oszlop — a 12. kérdés válaszlehetősége (súlyozott átlag, 1–4)	kutatási Excel (Salary Guide- kutatási eredmények-final.xlsx)
Kutatás — válasz	Munkavállalók — 12. kérdés — 18. válasz	Cég által biztosított óvoda, bölcsőde	Munkavállalók oszlop — a 12. kérdés válaszlehetősége (súlyozott átlag, 1–4)	kutatási Excel (Salary Guide- kutatási eredmények-final.xlsx)
Kutatás — válasz	Munkavállalók — 12. kérdés — 19. válasz	Relokációs támogatás	Munkavállalók oszlop — a 12. kérdés válaszlehetősége (súlyozott átlag, 1–4)	kutatási Excel (Salary Guide- kutatási eredmények-final.xlsx)
Kutatás — válasz	Munkavállalók — 12. kérdés — 20. válasz	Kedvezmény a cég termékeire, szolgáltatásaira	Munkavállalók oszlop — a 12. kérdés válaszlehetősége (súlyozott átlag, 1–4)	kutatási Excel (Salary Guide- kutatási eredmények-final.xlsx)
Kutatás — válasz	Munkavállalók — 12. kérdés — 21. válasz	Élethelyzet támogatás (gyerek születés, esküvő, temetés, stb.)	Munkavállalók oszlop — a 12. kérdés válaszlehetősége (súlyozott átlag, 1–4)	kutatási Excel (Salary Guide- kutatási eredmények-final.xlsx)
Kutatás — kérdés	Munkavállalók — 13. kérdés szövege (csak IT + Contracting)	Mi az a 3 legfontosabb szempont, amit mérlegelsz munkahelyváltáskor?	Munkavállalók oszlop — a grafikon címe	kutatási Excel (Salary Guide- kutatási eredmények-final.xlsx)
Kutatás — válasz	Munkavállalók — 13. kérdés — 1. válasz	Alapbér + juttatási csomag	Munkavállalók oszlop — a 13. kérdés válaszlehetősége	kutatási Excel (Salary Guide- kutatási eredmények-final.xlsx)
Kutatás — válasz	Munkavállalók — 13. kérdés — 2. válasz	Munka-magánélet egyensúly	Munkavállalók oszlop — a 13. kérdés válaszlehetősége	kutatási Excel (Salary Guide- kutatási eredmények-final.xlsx)
Kutatás — válasz	Munkavállalók — 13. kérdés — 3. válasz	Home office lehetőség	Munkavállalók oszlop — a 13. kérdés válaszlehetősége	kutatási Excel (Salary Guide- kutatási eredmények-final.xlsx)
Kutatás — válasz	Munkavállalók — 13. kérdés — 4. válasz	Lokáció	Munkavállalók oszlop — a 13. kérdés válaszlehetősége	kutatási Excel (Salary Guide- kutatási eredmények-final.xlsx)
Kutatás — válasz	Munkavállalók — 13. kérdés — 5. válasz	A projektek, amiken dolgozhatok	Munkavállalók oszlop — a 13. kérdés válaszlehetősége	kutatási Excel (Salary Guide- kutatási eredmények-final.xlsx)
Kutatás — válasz	Munkavállalók — 13. kérdés — 6. válasz	A technológiák, amikkel dolgozhatok	Munkavállalók oszlop — a 13. kérdés válaszlehetősége	kutatási Excel (Salary Guide- kutatási eredmények-final.xlsx)
Kutatás — válasz	Munkavállalók — 13. kérdés — 7. válasz	Szakmai kihívások	Munkavállalók oszlop — a 13. kérdés válaszlehetősége	kutatási Excel (Salary Guide- kutatási eredmények-final.xlsx)
Kutatás — válasz	Munkavállalók — 13. kérdés — 8. válasz	Előrelépési lehetőségek	Munkavállalók oszlop — a 13. kérdés válaszlehetősége	kutatási Excel (Salary Guide- kutatási eredmények-final.xlsx)
Kutatás — válasz	Munkavállalók — 13. kérdés — 9. válasz	Elérhető képzési lehetőségek	Munkavállalók oszlop — a 13. kérdés válaszlehetősége	kutatási Excel (Salary Guide- kutatási eredmények-final.xlsx)
Kutatás — válasz	Munkavállalók — 13. kérdés — 10. válasz	Leendő vezető személye	Munkavállalók oszlop — a 13. kérdés válaszlehetősége	kutatási Excel (Salary Guide- kutatási eredmények-final.xlsx)
Kutatás — válasz	Munkavállalók — 13. kérdés — 11. válasz	Cég stabilitása	Munkavállalók oszlop — a 13. kérdés válaszlehetősége	kutatási Excel (Salary Guide- kutatási eredmények-final.xlsx)
Kutatás — válasz	Munkavállalók — 13. kérdés — 12. válasz	Irodai légkör, csapat	Munkavállalók oszlop — a 13. kérdés válaszlehetősége	kutatási Excel (Salary Guide- kutatási eredmények-final.xlsx)
Kutatás — kérdés	Munkavállalók — 14. kérdés szövege (csak IT + Contracting)	Az alábbiak közül mely tényezők járulnak hozzá leginkább ahhoz, hogy a jelenlegi munkahelyeden maradj?	Munkavállalók oszlop — a grafikon címe	kutatási Excel (Salary Guide- kutatási eredmények-final.xlsx)
Kutatás — válasz	Munkavállalók — 14. kérdés — 1. válasz	Alapbér + juttatási csomag	Munkavállalók oszlop — a 14. kérdés válaszlehetősége	kutatási Excel (Salary Guide- kutatási eredmények-final.xlsx)
Kutatás — válasz	Munkavállalók — 14. kérdés — 2. válasz	Munka-magánélet egyensúly	Munkavállalók oszlop — a 14. kérdés válaszlehetősége	kutatási Excel (Salary Guide- kutatási eredmények-final.xlsx)
Kutatás — válasz	Munkavállalók — 14. kérdés — 3. válasz	Home office lehetőség	Munkavállalók oszlop — a 14. kérdés válaszlehetősége	kutatási Excel (Salary Guide- kutatási eredmények-final.xlsx)
Kutatás — válasz	Munkavállalók — 14. kérdés — 4. válasz	Lokáció	Munkavállalók oszlop — a 14. kérdés válaszlehetősége	kutatási Excel (Salary Guide- kutatási eredmények-final.xlsx)
Kutatás — válasz	Munkavállalók — 14. kérdés — 5. válasz	A projektek, amiken dolgozhatok	Munkavállalók oszlop — a 14. kérdés válaszlehetősége	kutatási Excel (Salary Guide- kutatási eredmények-final.xlsx)
Kutatás — válasz	Munkavállalók — 14. kérdés — 6. válasz	A technológiák, amikkel dolgozhatok	Munkavállalók oszlop — a 14. kérdés válaszlehetősége	kutatási Excel (Salary Guide- kutatási eredmények-final.xlsx)
Kutatás — válasz	Munkavállalók — 14. kérdés — 7. válasz	Szakmai kihívások	Munkavállalók oszlop — a 14. kérdés válaszlehetősége	kutatási Excel (Salary Guide- kutatási eredmények-final.xlsx)
Kutatás — válasz	Munkavállalók — 14. kérdés — 8. válasz	Előrelépési lehetőségek	Munkavállalók oszlop — a 14. kérdés válaszlehetősége	kutatási Excel (Salary Guide- kutatási eredmények-final.xlsx)
Kutatás — válasz	Munkavállalók — 14. kérdés — 9. válasz	Elérhető képzési lehetőségek	Munkavállalók oszlop — a 14. kérdés válaszlehetősége	kutatási Excel (Salary Guide- kutatási eredmények-final.xlsx)
Kutatás — válasz	Munkavállalók — 14. kérdés — 10. válasz	Vezető személye	Munkavállalók oszlop — a 14. kérdés válaszlehetősége	kutatási Excel (Salary Guide- kutatási eredmények-final.xlsx)
Kutatás — válasz	Munkavállalók — 14. kérdés — 11. válasz	Cég stabilitása	Munkavállalók oszlop — a 14. kérdés válaszlehetősége	kutatási Excel (Salary Guide- kutatási eredmények-final.xlsx)
Kutatás — válasz	Munkavállalók — 14. kérdés — 12. válasz	Irodai légkör, csapat	Munkavállalók oszlop — a 14. kérdés válaszlehetősége	kutatási Excel (Salary Guide- kutatási eredmények-final.xlsx)
Kutatás — kérdés	Munkavállalók — 15. kérdés szövege (csak IT + Contracting)	Nyitott lennél külföldre költözni egy álláslehetőség miatt?	Munkavállalók oszlop — a grafikon címe	kutatási Excel (Salary Guide- kutatási eredmények-final.xlsx)
Kutatás — válasz	Munkavállalók — 15. kérdés — 1. válasz	Igen	Munkavállalók oszlop — a 15. kérdés válaszlehetősége	kutatási Excel (Salary Guide- kutatási eredmények-final.xlsx)
Kutatás — válasz	Munkavállalók — 15. kérdés — 2. válasz	Nem, de szívesen vállalnék remote munkát egy külföldi vállalatnál	Munkavállalók oszlop — a 15. kérdés válaszlehetősége	kutatási Excel (Salary Guide- kutatási eredmények-final.xlsx)
Kutatás — válasz	Munkavállalók — 15. kérdés — 3. válasz	Nem	Munkavállalók oszlop — a 15. kérdés válaszlehetősége	kutatási Excel (Salary Guide- kutatási eredmények-final.xlsx)
Kutatás — válasz	Munkavállalók — 15. kérdés — 4. válasz	Jelenleg is külföldön élek	Munkavállalók oszlop — a 15. kérdés válaszlehetősége	kutatási Excel (Salary Guide- kutatási eredmények-final.xlsx)
Kutatás — kérdés	Munkavállalók — 16. kérdés szövege (csak IT + Contracting)	Mi motivál arra, hogy AI-hoz kapcsolódó tudást szerezz?	Munkavállalók oszlop — a grafikon címe	kutatási Excel (Salary Guide- kutatási eredmények-final.xlsx)
Kutatás — válasz	Munkavállalók — 16. kérdés — 1. válasz	Saját érdeklődés / kíváncsiság	Munkavállalók oszlop — a 16. kérdés válaszlehetősége	kutatási Excel (Salary Guide- kutatási eredmények-final.xlsx)
Kutatás — válasz	Munkavállalók — 16. kérdés — 2. válasz	Versenyképesség megőrzése a munkaerőpiacon	Munkavállalók oszlop — a 16. kérdés válaszlehetősége	kutatási Excel (Salary Guide- kutatási eredmények-final.xlsx)
Kutatás — válasz	Munkavállalók — 16. kérdés — 3. válasz	Jelenlegi munkám hatékonyabb elvégzése	Munkavállalók oszlop — a 16. kérdés válaszlehetősége	kutatási Excel (Salary Guide- kutatási eredmények-final.xlsx)
Kutatás — válasz	Munkavállalók — 16. kérdés — 4. válasz	Munkahelyi elvárás / nyomás	Munkavállalók oszlop — a 16. kérdés válaszlehetősége	kutatási Excel (Salary Guide- kutatási eredmények-final.xlsx)
Kutatás — válasz	Munkavállalók — 16. kérdés — 5. válasz	Előrelépési lehetőség (karrier)	Munkavállalók oszlop — a 16. kérdés válaszlehetősége	kutatási Excel (Salary Guide- kutatási eredmények-final.xlsx)
Kutatás — válasz	Munkavállalók — 16. kérdés — 6. válasz	Magasabb fizetés elérése	Munkavállalók oszlop — a 16. kérdés válaszlehetősége	kutatási Excel (Salary Guide- kutatási eredmények-final.xlsx)
Kutatás — válasz	Munkavállalók — 16. kérdés — 7. válasz	Munkahelyváltás lehetősége	Munkavállalók oszlop — a 16. kérdés válaszlehetősége	kutatási Excel (Salary Guide- kutatási eredmények-final.xlsx)
Kutatás — válasz	Munkavállalók — 16. kérdés — 8. válasz	Félelem attól, hogy lemaradok / kiváltja a munkámat az AI	Munkavállalók oszlop — a 16. kérdés válaszlehetősége	kutatási Excel (Salary Guide- kutatási eredmények-final.xlsx)
Kutatás — válasz	Munkavállalók — 16. kérdés — 9. válasz	Nem fontos számomra AI-hoz kapcsolódó tudás fejlesztése	Munkavállalók oszlop — a 16. kérdés válaszlehetősége	kutatási Excel (Salary Guide- kutatási eredmények-final.xlsx)
Kutatás — kérdés	Munkavállalók — 17. kérdés szövege (csak IT + Contracting)	Milyen lépéseket teszel az AI-hoz kapcsolódó tudásod fejlesztése érdekében?	Munkavállalók oszlop — a grafikon címe	kutatási Excel (Salary Guide- kutatási eredmények-final.xlsx)
Kutatás — válasz	Munkavállalók — 17. kérdés — 1. válasz	Ingyenes online kurzusokon veszek részt	Munkavállalók oszlop — a 17. kérdés válaszlehetősége	kutatási Excel (Salary Guide- kutatási eredmények-final.xlsx)
Kutatás — válasz	Munkavállalók — 17. kérdés — 2. válasz	Fizetős képzéseken veszek részt, amelyeket a munkáltatóm finanszíroz	Munkavállalók oszlop — a 17. kérdés válaszlehetősége	kutatási Excel (Salary Guide- kutatási eredmények-final.xlsx)
Kutatás — válasz	Munkavállalók — 17. kérdés — 3. válasz	Fizetős képzéseken veszek részt, amelyeket saját magam finanszírozok	Munkavállalók oszlop — a 17. kérdés válaszlehetősége	kutatási Excel (Salary Guide- kutatási eredmények-final.xlsx)
Kutatás — válasz	Munkavállalók — 17. kérdés — 4. válasz	Hivatalos minősítést (certification) szerzek	Munkavállalók oszlop — a 17. kérdés válaszlehetősége	kutatási Excel (Salary Guide- kutatási eredmények-final.xlsx)
Kutatás — válasz	Munkavállalók — 17. kérdés — 5. válasz	Szakmai cikkeket, blogokat, kutatásokat olvasok rendszeresen	Munkavállalók oszlop — a 17. kérdés válaszlehetősége	kutatási Excel (Salary Guide- kutatási eredmények-final.xlsx)
Kutatás — válasz	Munkavállalók — 17. kérdés — 6. válasz	AI eszközöket aktívan kipróbálok és használok a munkámban	Munkavállalók oszlop — a 17. kérdés válaszlehetősége	kutatási Excel (Salary Guide- kutatási eredmények-final.xlsx)
Kutatás — válasz	Munkavállalók — 17. kérdés — 7. válasz	Belső (céges) tréningeken veszek részt	Munkavállalók oszlop — a 17. kérdés válaszlehetősége	kutatási Excel (Salary Guide- kutatási eredmények-final.xlsx)
Kutatás — válasz	Munkavállalók — 17. kérdés — 8. válasz	Közösségekben (meetupok, fórumok, közösségi média csoporotk stb.) veszek részt	Munkavállalók oszlop — a 17. kérdés válaszlehetősége	kutatási Excel (Salary Guide- kutatási eredmények-final.xlsx)
Kutatás — válasz	Munkavállalók — 17. kérdés — 9. válasz	Egyéb:	Munkavállalók oszlop — a 17. kérdés válaszlehetősége	kutatási Excel (Salary Guide- kutatási eredmények-final.xlsx)
Kutatás — kérdés	Munkavállalók — 18. kérdés szövege (csak IT + Contracting)	Hogyan támogatja a munkahelyed az AI használatát?	Munkavállalók oszlop — a grafikon címe	kutatási Excel (Salary Guide- kutatási eredmények-final.xlsx)
Kutatás — válasz	Munkavállalók — 18. kérdés — 1. válasz	AI eszközök biztosításával	Munkavállalók oszlop — a 18. kérdés válaszlehetősége	kutatási Excel (Salary Guide- kutatási eredmények-final.xlsx)
Kutatás — válasz	Munkavállalók — 18. kérdés — 2. válasz	Képzések biztosításával	Munkavállalók oszlop — a 18. kérdés válaszlehetősége	kutatási Excel (Salary Guide- kutatási eredmények-final.xlsx)
Kutatás — válasz	Munkavállalók — 18. kérdés — 3. válasz	Időt biztosít tanulásra	Munkavállalók oszlop — a 18. kérdés válaszlehetősége	kutatási Excel (Salary Guide- kutatási eredmények-final.xlsx)
Kutatás — válasz	Munkavállalók — 18. kérdés — 4. válasz	AI használatára vonatkozó belső iránymutatás / policy kialakításával	Munkavállalók oszlop — a 18. kérdés válaszlehetősége	kutatási Excel (Salary Guide- kutatási eredmények-final.xlsx)
Kutatás — válasz	Munkavállalók — 18. kérdés — 5. válasz	Pilot projektek / kísérletezés támogatásával	Munkavállalók oszlop — a 18. kérdés válaszlehetősége	kutatási Excel (Salary Guide- kutatási eredmények-final.xlsx)
Kutatás — válasz	Munkavállalók — 18. kérdés — 6. válasz	Nem támogatja aktívan az AI használatát	Munkavállalók oszlop — a 18. kérdés válaszlehetősége	kutatási Excel (Salary Guide- kutatási eredmények-final.xlsx)
Kutatás — válasz	Munkavállalók — 18. kérdés — 7. válasz	Tiltott az AI eszközök használata a munkahelyemen	Munkavállalók oszlop — a 18. kérdés válaszlehetősége	kutatási Excel (Salary Guide- kutatási eredmények-final.xlsx)
Kutatás — kérdés	Munkavállalók — 19. kérdés szövege (csak IT + Contracting)	Hajlandó lennél olyan munkahelyre váltani, ahol az AI használata nem támogatott?	Munkavállalók oszlop — a grafikon címe	kutatási Excel (Salary Guide- kutatási eredmények-final.xlsx)
Kutatás — válasz	Munkavállalók — 19. kérdés — 1. válasz	Biztosan nem	Munkavállalók oszlop — a 19. kérdés válaszlehetősége	kutatási Excel (Salary Guide- kutatási eredmények-final.xlsx)
Kutatás — válasz	Munkavállalók — 19. kérdés — 2. válasz	Inkább nem	Munkavállalók oszlop — a 19. kérdés válaszlehetősége	kutatási Excel (Salary Guide- kutatási eredmények-final.xlsx)
Kutatás — válasz	Munkavállalók — 19. kérdés — 3. válasz	Nem befolyásolná a döntésem	Munkavállalók oszlop — a 19. kérdés válaszlehetősége	kutatási Excel (Salary Guide- kutatási eredmények-final.xlsx)
Kutatás — válasz	Munkavállalók — 19. kérdés — 4. válasz	Inkább igen	Munkavállalók oszlop — a 19. kérdés válaszlehetősége	kutatási Excel (Salary Guide- kutatási eredmények-final.xlsx)
Kutatás — válasz	Munkavállalók — 19. kérdés — 5. válasz	Biztosan igen	Munkavállalók oszlop — a 19. kérdés válaszlehetősége	kutatási Excel (Salary Guide- kutatási eredmények-final.xlsx)
Kutatás — kérdés	Munkáltatók — 1. kérdés szövege	Mi jellemzi céged toborzási stratégiáját a 2026-os évben?	Munkáltatók oszlop — a grafikon címe	kutatási Excel (Salary Guide- kutatási eredmények-final.xlsx)
Kutatás — válasz	Munkáltatók — 1. kérdés — 1. válasz	Csendes leépítést tervezünk (a távozó kollégákat nem pótoljuk)	Munkáltatók oszlop — a 1. kérdés válaszlehetősége	kutatási Excel (Salary Guide- kutatási eredmények-final.xlsx)
Kutatás — válasz	Munkáltatók — 1. kérdés — 2. válasz	Leépítést tervezünk	Munkáltatók oszlop — a 1. kérdés válaszlehetősége	kutatási Excel (Salary Guide- kutatási eredmények-final.xlsx)
Kutatás — válasz	Munkáltatók — 1. kérdés — 3. válasz	Fluktuációt kezelünk	Munkáltatók oszlop — a 1. kérdés válaszlehetősége	kutatási Excel (Salary Guide- kutatási eredmények-final.xlsx)
Kutatás — válasz	Munkáltatók — 1. kérdés — 4. válasz	Kevesebb mint 10 fővel bővülünk	Munkáltatók oszlop — a 1. kérdés válaszlehetősége	kutatási Excel (Salary Guide- kutatási eredmények-final.xlsx)
Kutatás — válasz	Munkáltatók — 1. kérdés — 5. válasz	10-50 fővel bővülünk	Munkáltatók oszlop — a 1. kérdés válaszlehetősége	kutatási Excel (Salary Guide- kutatási eredmények-final.xlsx)
Kutatás — válasz	Munkáltatók — 1. kérdés — 6. válasz	51-100 fővel bővülünk	Munkáltatók oszlop — a 1. kérdés válaszlehetősége	kutatási Excel (Salary Guide- kutatási eredmények-final.xlsx)
Kutatás — válasz	Munkáltatók — 1. kérdés — 7. válasz	100+ fővel bővülünk	Munkáltatók oszlop — a 1. kérdés válaszlehetősége	kutatási Excel (Salary Guide- kutatási eredmények-final.xlsx)
Kutatás — kérdés	Munkáltatók — 2. kérdés szövege	Milyen változásra számítasz a munkaerőpiacon a következő 12 hónapban?	Munkáltatók oszlop — a grafikon címe	kutatási Excel (Salary Guide- kutatási eredmények-final.xlsx)
Kutatás — válasz	Munkáltatók — 2. kérdés — 1. válasz	Jelentősen aktívabb piacra és nagyobb jelölti mozgásra számítunk	Munkáltatók oszlop — a 2. kérdés válaszlehetősége	kutatási Excel (Salary Guide- kutatási eredmények-final.xlsx)
Kutatás — válasz	Munkáltatók — 2. kérdés — 2. válasz	Mérsékelten aktívabb piacra számítunk	Munkáltatók oszlop — a 2. kérdés válaszlehetősége	kutatási Excel (Salary Guide- kutatási eredmények-final.xlsx)
Kutatás — válasz	Munkáltatók — 2. kérdés — 3. válasz	Nem várunk jelentős változást	Munkáltatók oszlop — a 2. kérdés válaszlehetősége	kutatási Excel (Salary Guide- kutatási eredmények-final.xlsx)
Kutatás — válasz	Munkáltatók — 2. kérdés — 4. válasz	Visszafogottabb piacra és alacsonyabb jelölti aktivitásra számítunk	Munkáltatók oszlop — a 2. kérdés válaszlehetősége	kutatási Excel (Salary Guide- kutatási eredmények-final.xlsx)
Kutatás — válasz	Munkáltatók — 2. kérdés — 5. válasz	Jelentősen visszaeső aktivitásra számítunk	Munkáltatók oszlop — a 2. kérdés válaszlehetősége	kutatási Excel (Salary Guide- kutatási eredmények-final.xlsx)
Kutatás — kérdés	Munkáltatók — 3. kérdés szövege	Mi a jelenlegi home office policy a vállalatodnál?	Munkáltatók oszlop — a grafikon címe	kutatási Excel (Salary Guide- kutatási eredmények-final.xlsx)
Kutatás — válasz	Munkáltatók — 3. kérdés — 1. válasz	Nem engedélyezett a home office	Munkáltatók oszlop — a 3. kérdés válaszlehetősége	kutatási Excel (Salary Guide- kutatási eredmények-final.xlsx)
Kutatás — válasz	Munkáltatók — 3. kérdés — 2. válasz	Heti 1 nap home office	Munkáltatók oszlop — a 3. kérdés válaszlehetősége	kutatási Excel (Salary Guide- kutatási eredmények-final.xlsx)
Kutatás — válasz	Munkáltatók — 3. kérdés — 3. válasz	Heti 2 nap home office	Munkáltatók oszlop — a 3. kérdés válaszlehetősége	kutatási Excel (Salary Guide- kutatási eredmények-final.xlsx)
Kutatás — válasz	Munkáltatók — 3. kérdés — 4. válasz	Heti 3 nap home office	Munkáltatók oszlop — a 3. kérdés válaszlehetősége	kutatási Excel (Salary Guide- kutatási eredmények-final.xlsx)
Kutatás — válasz	Munkáltatók — 3. kérdés — 5. válasz	Heti 4 nap home office	Munkáltatók oszlop — a 3. kérdés válaszlehetősége	kutatási Excel (Salary Guide- kutatási eredmények-final.xlsx)
Kutatás — válasz	Munkáltatók — 3. kérdés — 6. válasz	Heti 5 nap home office	Munkáltatók oszlop — a 3. kérdés válaszlehetősége	kutatási Excel (Salary Guide- kutatási eredmények-final.xlsx)
Kutatás — válasz	Munkáltatók — 3. kérdés — 7. válasz	Teljesen rugalmas, nincs meghatározott keret	Munkáltatók oszlop — a 3. kérdés válaszlehetősége	kutatási Excel (Salary Guide- kutatási eredmények-final.xlsx)
Kutatás — válasz	Munkáltatók — 3. kérdés — 8. válasz	Vezetői döntenek a mértékéről a csapataikban	Munkáltatók oszlop — a 3. kérdés válaszlehetősége	kutatási Excel (Salary Guide- kutatási eredmények-final.xlsx)
Kutatás — kérdés	Munkáltatók — 4. kérdés szövege	Tervezi a vállalatod a home office policy módosítását?	Munkáltatók oszlop — a grafikon címe	kutatási Excel (Salary Guide- kutatási eredmények-final.xlsx)
Kutatás — válasz	Munkáltatók — 4. kérdés — 1. válasz	Igen, csökkenteni tervezzük a home office napok számát	Munkáltatók oszlop — a 4. kérdés válaszlehetősége	kutatási Excel (Salary Guide- kutatási eredmények-final.xlsx)
Kutatás — válasz	Munkáltatók — 4. kérdés — 2. válasz	Igen, növelni tervezzük a home office napok számát	Munkáltatók oszlop — a 4. kérdés válaszlehetősége	kutatási Excel (Salary Guide- kutatási eredmények-final.xlsx)
Kutatás — válasz	Munkáltatók — 4. kérdés — 3. válasz	Nem tervezünk változtatást	Munkáltatók oszlop — a 4. kérdés válaszlehetősége	kutatási Excel (Salary Guide- kutatási eredmények-final.xlsx)
Kutatás — kérdés	Munkáltatók — 5. kérdés szövege	Milyen hatással van a jelenlegi home office policy a toborzás sikerességére?	Munkáltatók oszlop — a grafikon címe	kutatási Excel (Salary Guide- kutatási eredmények-final.xlsx)
Kutatás — válasz	Munkáltatók — 5. kérdés — 1. válasz	Jelentősen segíti	Munkáltatók oszlop — a 5. kérdés válaszlehetősége	kutatási Excel (Salary Guide- kutatási eredmények-final.xlsx)
Kutatás — válasz	Munkáltatók — 5. kérdés — 2. válasz	Inkább segíti	Munkáltatók oszlop — a 5. kérdés válaszlehetősége	kutatási Excel (Salary Guide- kutatási eredmények-final.xlsx)
Kutatás — válasz	Munkáltatók — 5. kérdés — 3. válasz	Nem befolyásolja	Munkáltatók oszlop — a 5. kérdés válaszlehetősége	kutatási Excel (Salary Guide- kutatási eredmények-final.xlsx)
Kutatás — válasz	Munkáltatók — 5. kérdés — 4. válasz	Inkább nehezíti	Munkáltatók oszlop — a 5. kérdés válaszlehetősége	kutatási Excel (Salary Guide- kutatási eredmények-final.xlsx)
Kutatás — válasz	Munkáltatók — 5. kérdés — 5. válasz	Jelentősen nehezíti	Munkáltatók oszlop — a 5. kérdés válaszlehetősége	kutatási Excel (Salary Guide- kutatási eredmények-final.xlsx)
Kutatás — válasz	Munkáltatók — 5. kérdés — 6. válasz	Nem tudom megítélni	Munkáltatók oszlop — a 5. kérdés válaszlehetősége	kutatási Excel (Salary Guide- kutatási eredmények-final.xlsx)
Kutatás — kérdés	Munkáltatók — 6. kérdés szövege	Hány %-os béremelést hajtottak végre az idei évben vállalatodnál?	Munkáltatók oszlop — a grafikon címe	kutatási Excel (Salary Guide- kutatási eredmények-final.xlsx)
Kutatás — válasz	Munkáltatók — 6. kérdés — 1. válasz	Nem volt béremelés	Munkáltatók oszlop — a 6. kérdés válaszlehetősége	kutatási Excel (Salary Guide- kutatási eredmények-final.xlsx)
Kutatás — válasz	Munkáltatók — 6. kérdés — 2. válasz	1-5	Munkáltatók oszlop — a 6. kérdés válaszlehetősége	kutatási Excel (Salary Guide- kutatási eredmények-final.xlsx)
Kutatás — válasz	Munkáltatók — 6. kérdés — 3. válasz	6-10	Munkáltatók oszlop — a 6. kérdés válaszlehetősége	kutatási Excel (Salary Guide- kutatási eredmények-final.xlsx)
Kutatás — válasz	Munkáltatók — 6. kérdés — 4. válasz	11-15	Munkáltatók oszlop — a 6. kérdés válaszlehetősége	kutatási Excel (Salary Guide- kutatási eredmények-final.xlsx)
Kutatás — válasz	Munkáltatók — 6. kérdés — 5. válasz	16-20	Munkáltatók oszlop — a 6. kérdés válaszlehetősége	kutatási Excel (Salary Guide- kutatási eredmények-final.xlsx)
Kutatás — válasz	Munkáltatók — 6. kérdés — 6. válasz	20+	Munkáltatók oszlop — a 6. kérdés válaszlehetősége	kutatási Excel (Salary Guide- kutatási eredmények-final.xlsx)
Kutatás — kérdés	Munkáltatók — 7. kérdés szövege	Milyen béren kívüli juttatásokat kínál vállalatod a munkavállalóinak? (Többet is választhatsz)	Munkáltatók oszlop — a grafikon címe	kutatási Excel (Salary Guide- kutatási eredmények-final.xlsx)
Kutatás — válasz	Munkáltatók — 7. kérdés — 1. válasz	Bónusz	Munkáltatók oszlop — a 7. kérdés válaszlehetősége	kutatási Excel (Salary Guide- kutatási eredmények-final.xlsx)
Kutatás — válasz	Munkáltatók — 7. kérdés — 2. válasz	SZÉP kártya	Munkáltatók oszlop — a 7. kérdés válaszlehetősége	kutatási Excel (Salary Guide- kutatási eredmények-final.xlsx)
Kutatás — válasz	Munkáltatók — 7. kérdés — 3. válasz	Cafeteria az alapbérbe építve	Munkáltatók oszlop — a 7. kérdés válaszlehetősége	kutatási Excel (Salary Guide- kutatási eredmények-final.xlsx)
Kutatás — válasz	Munkáltatók — 7. kérdés — 4. válasz	Egészségbiztosítás	Munkáltatók oszlop — a 7. kérdés válaszlehetősége	kutatási Excel (Salary Guide- kutatási eredmények-final.xlsx)
Kutatás — válasz	Munkáltatók — 7. kérdés — 5. válasz	Bérlet (tömegközlekedés)	Munkáltatók oszlop — a 7. kérdés válaszlehetősége	kutatási Excel (Salary Guide- kutatási eredmények-final.xlsx)
Kutatás — válasz	Munkáltatók — 7. kérdés — 6. válasz	Extra utazási támogatás (a törvényileg meghatározott kötelező felett)	Munkáltatók oszlop — a 7. kérdés válaszlehetősége	kutatási Excel (Salary Guide- kutatási eredmények-final.xlsx)
Kutatás — válasz	Munkáltatók — 7. kérdés — 7. válasz	Autó privát használatra	Munkáltatók oszlop — a 7. kérdés válaszlehetősége	kutatási Excel (Salary Guide- kutatási eredmények-final.xlsx)
Kutatás — válasz	Munkáltatók — 7. kérdés — 8. válasz	Car sharing (pl. GreenGo, MOL Limo, Wigo)	Munkáltatók oszlop — a 7. kérdés válaszlehetősége	kutatási Excel (Salary Guide- kutatási eredmények-final.xlsx)
Kutatás — válasz	Munkáltatók — 7. kérdés — 9. válasz	Egyéni tréning költségvetés	Munkáltatók oszlop — a 7. kérdés válaszlehetősége	kutatási Excel (Salary Guide- kutatási eredmények-final.xlsx)
Kutatás — válasz	Munkáltatók — 7. kérdés — 10. válasz	Ingyenes / kedvezményes étkeztetés	Munkáltatók oszlop — a 7. kérdés válaszlehetősége	kutatási Excel (Salary Guide- kutatási eredmények-final.xlsx)
Kutatás — válasz	Munkáltatók — 7. kérdés — 11. válasz	Sport támogatás (pl. AYCM)	Munkáltatók oszlop — a 7. kérdés válaszlehetősége	kutatási Excel (Salary Guide- kutatási eredmények-final.xlsx)
Kutatás — válasz	Munkáltatók — 7. kérdés — 12. válasz	Extra szabadnapok	Munkáltatók oszlop — a 7. kérdés válaszlehetősége	kutatási Excel (Salary Guide- kutatási eredmények-final.xlsx)
Kutatás — válasz	Munkáltatók — 7. kérdés — 13. válasz	Fizetett apasági szabadság (a törvényileg meghatározott kötelező felett)	Munkáltatók oszlop — a 7. kérdés válaszlehetősége	kutatási Excel (Salary Guide- kutatási eredmények-final.xlsx)
Kutatás — válasz	Munkáltatók — 7. kérdés — 14. válasz	Önkéntes nyugdíjpénztár	Munkáltatók oszlop — a 7. kérdés válaszlehetősége	kutatási Excel (Salary Guide- kutatási eredmények-final.xlsx)
Kutatás — válasz	Munkáltatók — 7. kérdés — 15. válasz	Mentálhigiénés támogatás, életvezetési tanácsadás	Munkáltatók oszlop — a 7. kérdés válaszlehetősége	kutatási Excel (Salary Guide- kutatási eredmények-final.xlsx)
Kutatás — válasz	Munkáltatók — 7. kérdés — 16. válasz	Otthoni munkaállomás kialakításának finanszírozása	Munkáltatók oszlop — a 7. kérdés válaszlehetősége	kutatási Excel (Salary Guide- kutatási eredmények-final.xlsx)
Kutatás — válasz	Munkáltatók — 7. kérdés — 17. válasz	Részvénycsomag	Munkáltatók oszlop — a 7. kérdés válaszlehetősége	kutatási Excel (Salary Guide- kutatási eredmények-final.xlsx)
Kutatás — válasz	Munkáltatók — 7. kérdés — 18. válasz	Cég által biztosított óvoda, bölcsőde	Munkáltatók oszlop — a 7. kérdés válaszlehetősége	kutatási Excel (Salary Guide- kutatási eredmények-final.xlsx)
Kutatás — válasz	Munkáltatók — 7. kérdés — 19. válasz	Relokációs támogatás	Munkáltatók oszlop — a 7. kérdés válaszlehetősége	kutatási Excel (Salary Guide- kutatási eredmények-final.xlsx)
Kutatás — válasz	Munkáltatók — 7. kérdés — 20. válasz	Kedvezmény a cég termékeire, szolgáltatásaira	Munkáltatók oszlop — a 7. kérdés válaszlehetősége	kutatási Excel (Salary Guide- kutatási eredmények-final.xlsx)
Kutatás — válasz	Munkáltatók — 7. kérdés — 21. válasz	Élethelyzet támogatás (gyerek születés, esküvő, temetés, stb.)	Munkáltatók oszlop — a 7. kérdés válaszlehetősége	kutatási Excel (Salary Guide- kutatási eredmények-final.xlsx)
Kutatás — válasz	Munkáltatók — 7. kérdés — 22. válasz	Egyéb:	Munkáltatók oszlop — a 7. kérdés válaszlehetősége	kutatási Excel (Salary Guide- kutatási eredmények-final.xlsx)
Kutatás — kérdés	Munkáltatók — 8. kérdés szövege	Szükséges az EU bértranszparencia irányelve miatt a bérezési struktúra módosítása a vállalatodnál?	Munkáltatók oszlop — a grafikon címe	kutatási Excel (Salary Guide- kutatási eredmények-final.xlsx)
Kutatás — válasz	Munkáltatók — 8. kérdés — 1. válasz	Nem, eddig is bértranszparens módon működtünk	Munkáltatók oszlop — a 8. kérdés válaszlehetősége	kutatási Excel (Salary Guide- kutatási eredmények-final.xlsx)
Kutatás — válasz	Munkáltatók — 8. kérdés — 2. válasz	Nem a bérsávokat módosítottuk, hanem a pozíciók struktúráját alakítottuk át	Munkáltatók oszlop — a 8. kérdés válaszlehetősége	kutatási Excel (Salary Guide- kutatási eredmények-final.xlsx)
Kutatás — válasz	Munkáltatók — 8. kérdés — 3. válasz	Igen, kisebb mértékű módosításokat hajtottunk végre	Munkáltatók oszlop — a 8. kérdés válaszlehetősége	kutatási Excel (Salary Guide- kutatási eredmények-final.xlsx)
Kutatás — válasz	Munkáltatók — 8. kérdés — 4. válasz	Igen, jelentős mértékű módosításokat hajtottunk végre	Munkáltatók oszlop — a 8. kérdés válaszlehetősége	kutatási Excel (Salary Guide- kutatási eredmények-final.xlsx)
Kutatás — kérdés	Munkáltatók — 9. kérdés szövege	Engedélyezi a vállalatod az AI eszközök használatát a munkavégzéshez?	Munkáltatók oszlop — a grafikon címe	kutatási Excel (Salary Guide- kutatási eredmények-final.xlsx)
Kutatás — válasz	Munkáltatók — 9. kérdés — 1. válasz	Igen, kizárólag belső fejlesztésű rendszereket	Munkáltatók oszlop — a 9. kérdés válaszlehetősége	kutatási Excel (Salary Guide- kutatási eredmények-final.xlsx)
Kutatás — válasz	Munkáltatók — 9. kérdés — 2. válasz	Igen, külső AI eszközök használata is engedélyezett	Munkáltatók oszlop — a 9. kérdés válaszlehetősége	kutatási Excel (Salary Guide- kutatási eredmények-final.xlsx)
Kutatás — válasz	Munkáltatók — 9. kérdés — 3. válasz	Korlátozottan engedélyezett (pl. bizonyos területeken / use case-ekre)	Munkáltatók oszlop — a 9. kérdés válaszlehetősége	kutatási Excel (Salary Guide- kutatási eredmények-final.xlsx)
Kutatás — válasz	Munkáltatók — 9. kérdés — 4. válasz	Tiltott az AI eszközök használata	Munkáltatók oszlop — a 9. kérdés válaszlehetősége	kutatási Excel (Salary Guide- kutatási eredmények-final.xlsx)
Kutatás — kérdés	Munkáltatók — 10. kérdés szövege	Milyen formában biztosít a vállalat AI-hoz kapcsolódó képzési lehetőséget a munkavállalók számára?	Munkáltatók oszlop — a grafikon címe	kutatási Excel (Salary Guide- kutatási eredmények-final.xlsx)
Kutatás — válasz	Munkáltatók — 10. kérdés — 1. válasz	Belső szervezésű képzésekkel	Munkáltatók oszlop — a 10. kérdés válaszlehetősége	kutatási Excel (Salary Guide- kutatási eredmények-final.xlsx)
Kutatás — válasz	Munkáltatók — 10. kérdés — 2. válasz	Külső képzések finanszírozásával	Munkáltatók oszlop — a 10. kérdés válaszlehetősége	kutatási Excel (Salary Guide- kutatási eredmények-final.xlsx)
Kutatás — válasz	Munkáltatók — 10. kérdés — 3. válasz	Egyéni képzési kerettel	Munkáltatók oszlop — a 10. kérdés válaszlehetősége	kutatási Excel (Salary Guide- kutatási eredmények-final.xlsx)
Kutatás — válasz	Munkáltatók — 10. kérdés — 4. válasz	Tanulás támogatásával (pl. idő, hozzáférések biztosítása)	Munkáltatók oszlop — a 10. kérdés válaszlehetősége	kutatási Excel (Salary Guide- kutatási eredmények-final.xlsx)
Kutatás — válasz	Munkáltatók — 10. kérdés — 5. válasz	Csak bizonyos munkavállalók számára biztosítunk képzést (pl. pozíció vagy szenioritás alapján)	Munkáltatók oszlop — a 10. kérdés válaszlehetősége	kutatási Excel (Salary Guide- kutatási eredmények-final.xlsx)
Kutatás — válasz	Munkáltatók — 10. kérdés — 6. válasz	Nem biztosítunk szervezett képzési lehetőséget	Munkáltatók oszlop — a 10. kérdés válaszlehetősége	kutatási Excel (Salary Guide- kutatási eredmények-final.xlsx)
Kutatás — válasz	Munkáltatók — 10. kérdés — 7. válasz	Egyéb:	Munkáltatók oszlop — a 10. kérdés válaszlehetősége	kutatási Excel (Salary Guide- kutatási eredmények-final.xlsx)
Kutatás — kérdés	Munkáltatók — 11. kérdés szövege	Végez a vállalat AI-hoz kapcsolódó fejlesztést saját erőforrásból vagy külső partner bevonásával?	Munkáltatók oszlop — a grafikon címe	kutatási Excel (Salary Guide- kutatási eredmények-final.xlsx)
Kutatás — válasz	Munkáltatók — 11. kérdés — 1. válasz	Igen, kizárólag belső erőforrásból	Munkáltatók oszlop — a 11. kérdés válaszlehetősége	kutatási Excel (Salary Guide- kutatási eredmények-final.xlsx)
Kutatás — válasz	Munkáltatók — 11. kérdés — 2. válasz	Igen, kizárólag külső partnerrel együttműködésben	Munkáltatók oszlop — a 11. kérdés válaszlehetősége	kutatási Excel (Salary Guide- kutatási eredmények-final.xlsx)
Kutatás — válasz	Munkáltatók — 11. kérdés — 3. válasz	Igen, belső és külső erőforrás kombinációjával	Munkáltatók oszlop — a 11. kérdés válaszlehetősége	kutatási Excel (Salary Guide- kutatási eredmények-final.xlsx)
Kutatás — válasz	Munkáltatók — 11. kérdés — 4. válasz	Nem, de tervezzük	Munkáltatók oszlop — a 11. kérdés válaszlehetősége	kutatási Excel (Salary Guide- kutatási eredmények-final.xlsx)
Kutatás — válasz	Munkáltatók — 11. kérdés — 5. válasz	Nem, jelenleg nincs ilyen kezdeményezés	Munkáltatók oszlop — a 11. kérdés válaszlehetősége	kutatási Excel (Salary Guide- kutatási eredmények-final.xlsx)
Kutatás — kérdés	Munkáltatók — 12. kérdés szövege	Rendelkezik a vállalatod dedikált költségkerettel AI fejlesztésekre vagy kezdeményezésekre?	Munkáltatók oszlop — a grafikon címe	kutatási Excel (Salary Guide- kutatási eredmények-final.xlsx)
Kutatás — válasz	Munkáltatók — 12. kérdés — 1. válasz	Igen, 50 millió Ft alatt	Munkáltatók oszlop — a 12. kérdés válaszlehetősége	kutatási Excel (Salary Guide- kutatási eredmények-final.xlsx)
Kutatás — válasz	Munkáltatók — 12. kérdés — 2. válasz	Igen, 50–100 millió Ft között	Munkáltatók oszlop — a 12. kérdés válaszlehetősége	kutatási Excel (Salary Guide- kutatási eredmények-final.xlsx)
Kutatás — válasz	Munkáltatók — 12. kérdés — 3. válasz	Igen, 100 millió Ft felett	Munkáltatók oszlop — a 12. kérdés válaszlehetősége	kutatási Excel (Salary Guide- kutatási eredmények-final.xlsx)
Kutatás — válasz	Munkáltatók — 12. kérdés — 4. válasz	Nem, nincs dedikált költségkeret	Munkáltatók oszlop — a 12. kérdés válaszlehetősége	kutatási Excel (Salary Guide- kutatási eredmények-final.xlsx)
Kutatás — válasz	Munkáltatók — 12. kérdés — 5. válasz	Nem tudom megítélni	Munkáltatók oszlop — a 12. kérdés válaszlehetősége	kutatási Excel (Salary Guide- kutatási eredmények-final.xlsx)
Kutatás — kérdés	Munkáltatók — 13. kérdés szövege	Mire használja a vállalatod AI eszközöket a toborzási folyamat során?	Munkáltatók oszlop — a grafikon címe	kutatási Excel (Salary Guide- kutatási eredmények-final.xlsx)
Kutatás — válasz	Munkáltatók — 13. kérdés — 1. válasz	Nem használunk AI eszközöket a toborzás során	Munkáltatók oszlop — a 13. kérdés válaszlehetősége	kutatási Excel (Salary Guide- kutatási eredmények-final.xlsx)
Kutatás — válasz	Munkáltatók — 13. kérdés — 2. válasz	CV előszűrésére	Munkáltatók oszlop — a 13. kérdés válaszlehetősége	kutatási Excel (Salary Guide- kutatási eredmények-final.xlsx)
Kutatás — válasz	Munkáltatók — 13. kérdés — 3. válasz	Interjúk támogatására (pl. leirat készítése)	Munkáltatók oszlop — a 13. kérdés válaszlehetősége	kutatási Excel (Salary Guide- kutatási eredmények-final.xlsx)
Kutatás — válasz	Munkáltatók — 13. kérdés — 4. válasz	Időpont-egyeztetés automatizálására	Munkáltatók oszlop — a 13. kérdés válaszlehetősége	kutatási Excel (Salary Guide- kutatási eredmények-final.xlsx)
Kutatás — válasz	Munkáltatók — 13. kérdés — 5. válasz	Első körös interjúk lebonyolítására	Munkáltatók oszlop — a 13. kérdés válaszlehetősége	kutatási Excel (Salary Guide- kutatási eredmények-final.xlsx)
Kutatás — válasz	Munkáltatók — 13. kérdés — 6. válasz	Jelölteknek adott visszajelzések támogatására	Munkáltatók oszlop — a 13. kérdés válaszlehetősége	kutatási Excel (Salary Guide- kutatási eredmények-final.xlsx)
Kutatás — válasz	Munkáltatók — 13. kérdés — 7. válasz	Egyéb:	Munkáltatók oszlop — a 13. kérdés válaszlehetősége	kutatási Excel (Salary Guide- kutatási eredmények-final.xlsx)
Kutatás — melyik kérdés hol	Munkahely váltás és toborzási kilátások — Általános — Munkavállalók — 1.	Melyik állítás írja le legjobban a jelenlegi státuszodat a munkaerőpiacon?	a »Munkahely váltás és toborzási kilátások« témában, Munkavállalók oszlop, ebben a sorrendben	kutatási Excel (Salary Guide- kutatási eredmények-final.xlsx) (Téma besorolás lap) + build-guide-data.py
Kutatás — melyik kérdés hol	Munkahely váltás és toborzási kilátások — Általános — Munkavállalók — 2.	Mire számítasz a munkaerő-piaci lehetőségek tekintetében a következő 12 hónapban?	a »Munkahely váltás és toborzási kilátások« témában, Munkavállalók oszlop, ebben a sorrendben	kutatási Excel (Salary Guide- kutatási eredmények-final.xlsx) (Téma besorolás lap) + build-guide-data.py
Kutatás — melyik kérdés hol	Munkahely váltás és toborzási kilátások — Általános — Munkavállalók — 3.	Változott a pozíciód az elmúlt fél évben?	a »Munkahely váltás és toborzási kilátások« témában, Munkavállalók oszlop, ebben a sorrendben	kutatási Excel (Salary Guide- kutatási eredmények-final.xlsx) (Téma besorolás lap) + build-guide-data.py
Kutatás — melyik kérdés hol	Munkahely váltás és toborzási kilátások — Általános — Munkavállalók — 4.	Jelöld 1-4-ig terjedő skálán, hogy mennyire fontosak az alábbi szempontok számodra váltáskor! (1= kevésbé fontos, 4= nagyon fontos)	a »Munkahely váltás és toborzási kilátások« témában, Munkavállalók oszlop, ebben a sorrendben	kutatási Excel (Salary Guide- kutatási eredmények-final.xlsx) (Téma besorolás lap) + build-guide-data.py
Kutatás — melyik kérdés hol	Munkahely váltás és toborzási kilátások — Általános — Munkáltatók — 1.	Mi jellemzi céged toborzási stratégiáját a 2026-os évben?	a »Munkahely váltás és toborzási kilátások« témában, Munkáltatók oszlop, ebben a sorrendben	kutatási Excel (Salary Guide- kutatási eredmények-final.xlsx) (Téma besorolás lap) + build-guide-data.py
Kutatás — melyik kérdés hol	Munkahely váltás és toborzási kilátások — Általános — Munkáltatók — 2.	Milyen változásra számítasz a munkaerőpiacon a következő 12 hónapban?	a »Munkahely váltás és toborzási kilátások« témában, Munkáltatók oszlop, ebben a sorrendben	kutatási Excel (Salary Guide- kutatási eredmények-final.xlsx) (Téma besorolás lap) + build-guide-data.py
Kutatás — melyik kérdés hol	Munkahely váltás és toborzási kilátások — IT + Contracting — Munkavállalók — 1.	Melyik állítás írja le legjobban a jelenlegi státuszodat a munkaerőpiacon?	a »Munkahely váltás és toborzási kilátások« témában, Munkavállalók oszlop, ebben a sorrendben	kutatási Excel (Salary Guide- kutatási eredmények-final.xlsx) (Téma besorolás lap) + build-guide-data.py
Kutatás — melyik kérdés hol	Munkahely váltás és toborzási kilátások — IT + Contracting — Munkavállalók — 2.	Mire számítasz a munkaerő-piaci lehetőségek tekintetében a következő 12 hónapban?	a »Munkahely váltás és toborzási kilátások« témában, Munkavállalók oszlop, ebben a sorrendben	kutatási Excel (Salary Guide- kutatási eredmények-final.xlsx) (Téma besorolás lap) + build-guide-data.py
Kutatás — melyik kérdés hol	Munkahely váltás és toborzási kilátások — IT + Contracting — Munkavállalók — 3.	Változott a pozíciód az elmúlt fél évben?	a »Munkahely váltás és toborzási kilátások« témában, Munkavállalók oszlop, ebben a sorrendben	kutatási Excel (Salary Guide- kutatási eredmények-final.xlsx) (Téma besorolás lap) + build-guide-data.py
Kutatás — melyik kérdés hol	Munkahely váltás és toborzási kilátások — IT + Contracting — Munkavállalók — 4.	Mi az a 3 legfontosabb szempont, amit mérlegelsz munkahelyváltáskor?	a »Munkahely váltás és toborzási kilátások« témában, Munkavállalók oszlop, ebben a sorrendben	kutatási Excel (Salary Guide- kutatási eredmények-final.xlsx) (Téma besorolás lap) + build-guide-data.py
Kutatás — melyik kérdés hol	Munkahely váltás és toborzási kilátások — IT + Contracting — Munkavállalók — 5.	Az alábbiak közül mely tényezők járulnak hozzá leginkább ahhoz, hogy a jelenlegi munkahelyeden maradj?	a »Munkahely váltás és toborzási kilátások« témában, Munkavállalók oszlop, ebben a sorrendben	kutatási Excel (Salary Guide- kutatási eredmények-final.xlsx) (Téma besorolás lap) + build-guide-data.py
Kutatás — melyik kérdés hol	Munkahely váltás és toborzási kilátások — IT + Contracting — Munkavállalók — 6.	Nyitott lennél külföldre költözni egy álláslehetőség miatt?	a »Munkahely váltás és toborzási kilátások« témában, Munkavállalók oszlop, ebben a sorrendben	kutatási Excel (Salary Guide- kutatási eredmények-final.xlsx) (Téma besorolás lap) + build-guide-data.py
Kutatás — melyik kérdés hol	Munkahely váltás és toborzási kilátások — IT + Contracting — Munkáltatók — 1.	Mi jellemzi céged toborzási stratégiáját a 2026-os évben?	a »Munkahely váltás és toborzási kilátások« témában, Munkáltatók oszlop, ebben a sorrendben	kutatási Excel (Salary Guide- kutatási eredmények-final.xlsx) (Téma besorolás lap) + build-guide-data.py
Kutatás — melyik kérdés hol	Munkahely váltás és toborzási kilátások — IT + Contracting — Munkáltatók — 2.	Milyen változásra számítasz a munkaerőpiacon a következő 12 hónapban?	a »Munkahely váltás és toborzási kilátások« témában, Munkáltatók oszlop, ebben a sorrendben	kutatási Excel (Salary Guide- kutatási eredmények-final.xlsx) (Téma besorolás lap) + build-guide-data.py
Kutatás — melyik kérdés hol	Home office — Általános — Munkavállalók — 1.	Jelenleg heti hány nap home office-t engedélyez számodra a munkáltatód?	a »Home office« témában, Munkavállalók oszlop, ebben a sorrendben	kutatási Excel (Salary Guide- kutatási eredmények-final.xlsx) (Téma besorolás lap) + build-guide-data.py
Kutatás — melyik kérdés hol	Home office — Általános — Munkavállalók — 2.	Hetente hány nap home office lenne ideális számodra?	a »Home office« témában, Munkavállalók oszlop, ebben a sorrendben	kutatási Excel (Salary Guide- kutatási eredmények-final.xlsx) (Téma besorolás lap) + build-guide-data.py
Kutatás — melyik kérdés hol	Home office — Általános — Munkáltatók — 1.	Mi a jelenlegi home office policy a vállalatodnál?	a »Home office« témában, Munkáltatók oszlop, ebben a sorrendben	kutatási Excel (Salary Guide- kutatási eredmények-final.xlsx) (Téma besorolás lap) + build-guide-data.py
Kutatás — melyik kérdés hol	Home office — Általános — Munkáltatók — 2.	Tervezi a vállalatod a home office policy módosítását?	a »Home office« témában, Munkáltatók oszlop, ebben a sorrendben	kutatási Excel (Salary Guide- kutatási eredmények-final.xlsx) (Téma besorolás lap) + build-guide-data.py
Kutatás — melyik kérdés hol	Home office — IT + Contracting — Munkavállalók — 1.	Jelenleg heti hány nap home office-t engedélyez számodra a munkáltatód?	a »Home office« témában, Munkavállalók oszlop, ebben a sorrendben	kutatási Excel (Salary Guide- kutatási eredmények-final.xlsx) (Téma besorolás lap) + build-guide-data.py
Kutatás — melyik kérdés hol	Home office — IT + Contracting — Munkavállalók — 2.	Hetente hány nap home office lenne ideális számodra?	a »Home office« témában, Munkavállalók oszlop, ebben a sorrendben	kutatási Excel (Salary Guide- kutatási eredmények-final.xlsx) (Téma besorolás lap) + build-guide-data.py
Kutatás — melyik kérdés hol	Home office — IT + Contracting — Munkáltatók — 1.	Mi a jelenlegi home office policy a vállalatodnál?	a »Home office« témában, Munkáltatók oszlop, ebben a sorrendben	kutatási Excel (Salary Guide- kutatási eredmények-final.xlsx) (Téma besorolás lap) + build-guide-data.py
Kutatás — melyik kérdés hol	Home office — IT + Contracting — Munkáltatók — 2.	Tervezi a vállalatod a home office policy módosítását?	a »Home office« témában, Munkáltatók oszlop, ebben a sorrendben	kutatási Excel (Salary Guide- kutatási eredmények-final.xlsx) (Téma besorolás lap) + build-guide-data.py
Kutatás — melyik kérdés hol	AI — Általános — Munkavállalók — 1.	Milyen gyakran használsz mesterséges intelligencia alapú eszközöket a munkád során?	a »AI« témában, Munkavállalók oszlop, ebben a sorrendben	kutatási Excel (Salary Guide- kutatási eredmények-final.xlsx) (Téma besorolás lap) + build-guide-data.py
Kutatás — melyik kérdés hol	AI — Általános — Munkavállalók — 2.	Mire használod leggyakrabban az AI-t a munkádban? (Jelöld be az összeset, ami rád jellemző!)	a »AI« témában, Munkavállalók oszlop, ebben a sorrendben	kutatási Excel (Salary Guide- kutatási eredmények-final.xlsx) (Téma besorolás lap) + build-guide-data.py
Kutatás — melyik kérdés hol	AI — Általános — Munkavállalók — 3.	Mit gondolsz, milyen hatása lesz az AI-nak a munkádra a következő 3 évben? (Jelöld be az összeset, amivel egyetértesz!)	a »AI« témában, Munkavállalók oszlop, ebben a sorrendben	kutatási Excel (Salary Guide- kutatási eredmények-final.xlsx) (Téma besorolás lap) + build-guide-data.py
Kutatás — melyik kérdés hol	AI — Általános — Munkáltatók — 1.	Engedélyezi a vállalatod az AI eszközök használatát a munkavégzéshez?	a »AI« témában, Munkáltatók oszlop, ebben a sorrendben	kutatási Excel (Salary Guide- kutatási eredmények-final.xlsx) (Téma besorolás lap) + build-guide-data.py
Kutatás — melyik kérdés hol	AI — Általános — Munkáltatók — 2.	Milyen formában biztosít a vállalat AI-hoz kapcsolódó képzési lehetőséget a munkavállalók számára?	a »AI« témában, Munkáltatók oszlop, ebben a sorrendben	kutatási Excel (Salary Guide- kutatási eredmények-final.xlsx) (Téma besorolás lap) + build-guide-data.py
Kutatás — melyik kérdés hol	AI — Általános — Munkáltatók — 3.	Végez a vállalat AI-hoz kapcsolódó fejlesztést saját erőforrásból vagy külső partner bevonásával?	a »AI« témában, Munkáltatók oszlop, ebben a sorrendben	kutatási Excel (Salary Guide- kutatási eredmények-final.xlsx) (Téma besorolás lap) + build-guide-data.py
Kutatás — melyik kérdés hol	AI — IT + Contracting — Munkavállalók — 1.	Milyen gyakran használsz mesterséges intelligencia alapú eszközöket a munkád során?	a »AI« témában, Munkavállalók oszlop, ebben a sorrendben	kutatási Excel (Salary Guide- kutatási eredmények-final.xlsx) (Téma besorolás lap) + build-guide-data.py
Kutatás — melyik kérdés hol	AI — IT + Contracting — Munkavállalók — 2.	Hajlandó lennél olyan munkahelyre váltani, ahol az AI használata nem támogatott?	a »AI« témában, Munkavállalók oszlop, ebben a sorrendben	kutatási Excel (Salary Guide- kutatási eredmények-final.xlsx) (Téma besorolás lap) + build-guide-data.py
Kutatás — melyik kérdés hol	AI — IT + Contracting — Munkavállalók — 3.	Mi motivál arra, hogy AI-hoz kapcsolódó tudást szerezz?	a »AI« témában, Munkavállalók oszlop, ebben a sorrendben	kutatási Excel (Salary Guide- kutatási eredmények-final.xlsx) (Téma besorolás lap) + build-guide-data.py
Kutatás — melyik kérdés hol	AI — IT + Contracting — Munkavállalók — 4.	Milyen lépéseket teszel az AI-hoz kapcsolódó tudásod fejlesztése érdekében?	a »AI« témában, Munkavállalók oszlop, ebben a sorrendben	kutatási Excel (Salary Guide- kutatási eredmények-final.xlsx) (Téma besorolás lap) + build-guide-data.py
Kutatás — melyik kérdés hol	AI — IT + Contracting — Munkavállalók — 5.	Hogyan támogatja a munkahelyed az AI használatát?	a »AI« témában, Munkavállalók oszlop, ebben a sorrendben	kutatási Excel (Salary Guide- kutatási eredmények-final.xlsx) (Téma besorolás lap) + build-guide-data.py
Kutatás — melyik kérdés hol	AI — IT + Contracting — Munkáltatók — 1.	Mire használja a vállalatod AI eszközöket a toborzási folyamat során?	a »AI« témában, Munkáltatók oszlop, ebben a sorrendben	kutatási Excel (Salary Guide- kutatási eredmények-final.xlsx) (Téma besorolás lap) + build-guide-data.py
Kutatás — melyik kérdés hol	AI — IT + Contracting — Munkáltatók — 2.	Engedélyezi a vállalatod az AI eszközök használatát a munkavégzéshez?	a »AI« témában, Munkáltatók oszlop, ebben a sorrendben	kutatási Excel (Salary Guide- kutatási eredmények-final.xlsx) (Téma besorolás lap) + build-guide-data.py
Kutatás — melyik kérdés hol	AI — IT + Contracting — Munkáltatók — 3.	Végez a vállalat AI-hoz kapcsolódó fejlesztést saját erőforrásból vagy külső partner bevonásával?	a »AI« témában, Munkáltatók oszlop, ebben a sorrendben	kutatási Excel (Salary Guide- kutatási eredmények-final.xlsx) (Téma besorolás lap) + build-guide-data.py
Kutatás — melyik kérdés hol	AI — IT + Contracting — Munkáltatók — 4.	Rendelkezik a vállalatod dedikált költségkerettel AI fejlesztésekre vagy kezdeményezésekre?	a »AI« témában, Munkáltatók oszlop, ebben a sorrendben	kutatási Excel (Salary Guide- kutatási eredmények-final.xlsx) (Téma besorolás lap) + build-guide-data.py
Kutatás — melyik kérdés hol	AI — IT + Contracting — Munkáltatók — 5.	Milyen formában biztosít a vállalat AI-hoz kapcsolódó képzési lehetőséget a munkavállalók számára?	a »AI« témában, Munkáltatók oszlop, ebben a sorrendben	kutatási Excel (Salary Guide- kutatási eredmények-final.xlsx) (Téma besorolás lap) + build-guide-data.py
Kutatás — melyik kérdés hol	Bérezés és juttatások — Általános — Munkavállalók — 1.	Jelöld 1-4-ig terjedő skálán, hogy mennyire fontosak számodra az alábbi juttatási elemek! (1= kevésbé fontos, 4= nagyon fontos)	a »Bérezés és juttatások« témában, Munkavállalók oszlop, ebben a sorrendben	kutatási Excel (Salary Guide- kutatási eredmények-final.xlsx) (Téma besorolás lap) + build-guide-data.py
Kutatás — melyik kérdés hol	Bérezés és juttatások — Általános — Munkavállalók — 2.	Hány százalékkal nőtt a fizetésed az idei évben?	a »Bérezés és juttatások« témában, Munkavállalók oszlop, ebben a sorrendben	kutatási Excel (Salary Guide- kutatási eredmények-final.xlsx) (Téma besorolás lap) + build-guide-data.py
Kutatás — melyik kérdés hol	Bérezés és juttatások — Általános — Munkavállalók — 3.	Mennyire vagy elégedett a fizetésemeléssel, amit kaptál?	a »Bérezés és juttatások« témában, Munkavállalók oszlop, ebben a sorrendben	kutatási Excel (Salary Guide- kutatási eredmények-final.xlsx) (Téma besorolás lap) + build-guide-data.py
Kutatás — melyik kérdés hol	Bérezés és juttatások — Általános — Munkáltatók — 1.	Milyen béren kívüli juttatásokat kínál vállalatod a munkavállalóinak? (Többet is választhatsz)	a »Bérezés és juttatások« témában, Munkáltatók oszlop, ebben a sorrendben	kutatási Excel (Salary Guide- kutatási eredmények-final.xlsx) (Téma besorolás lap) + build-guide-data.py
Kutatás — melyik kérdés hol	Bérezés és juttatások — Általános — Munkáltatók — 2.	Hány %-os béremelést hajtottak végre az idei évben vállalatodnál?	a »Bérezés és juttatások« témában, Munkáltatók oszlop, ebben a sorrendben	kutatási Excel (Salary Guide- kutatási eredmények-final.xlsx) (Téma besorolás lap) + build-guide-data.py
Kutatás — melyik kérdés hol	Bérezés és juttatások — Általános — Munkáltatók — 3.	Szükséges az EU bértranszparencia irányelve miatt a bérezési struktúra módosítása a vállalatodnál?	a »Bérezés és juttatások« témában, Munkáltatók oszlop, ebben a sorrendben	kutatási Excel (Salary Guide- kutatási eredmények-final.xlsx) (Téma besorolás lap) + build-guide-data.py
Kutatás — melyik kérdés hol	Bérezés és juttatások — IT + Contracting — Munkavállalók — 1.	Jelöld 1-4-ig terjedő skálán, hogy mennyire fontosak számodra az alábbi juttatási elemek! (1= kevésbé fontos, 4= nagyon fontos)	a »Bérezés és juttatások« témában, Munkavállalók oszlop, ebben a sorrendben	kutatási Excel (Salary Guide- kutatási eredmények-final.xlsx) (Téma besorolás lap) + build-guide-data.py
Kutatás — melyik kérdés hol	Bérezés és juttatások — IT + Contracting — Munkavállalók — 2.	Hány százalékkal nőtt a fizetésed az idei évben?	a »Bérezés és juttatások« témában, Munkavállalók oszlop, ebben a sorrendben	kutatási Excel (Salary Guide- kutatási eredmények-final.xlsx) (Téma besorolás lap) + build-guide-data.py
Kutatás — melyik kérdés hol	Bérezés és juttatások — IT + Contracting — Munkavállalók — 3.	Mennyire vagy elégedett a fizetésemeléssel, amit kaptál?	a »Bérezés és juttatások« témában, Munkavállalók oszlop, ebben a sorrendben	kutatási Excel (Salary Guide- kutatási eredmények-final.xlsx) (Téma besorolás lap) + build-guide-data.py
Kutatás — melyik kérdés hol	Bérezés és juttatások — IT + Contracting — Munkáltatók — 1.	Milyen béren kívüli juttatásokat kínál vállalatod a munkavállalóinak? (Többet is választhatsz)	a »Bérezés és juttatások« témában, Munkáltatók oszlop, ebben a sorrendben	kutatási Excel (Salary Guide- kutatási eredmények-final.xlsx) (Téma besorolás lap) + build-guide-data.py
Kutatás — melyik kérdés hol	Bérezés és juttatások — IT + Contracting — Munkáltatók — 2.	Hány %-os béremelést hajtottak végre az idei évben vállalatodnál?	a »Bérezés és juttatások« témában, Munkáltatók oszlop, ebben a sorrendben	kutatási Excel (Salary Guide- kutatási eredmények-final.xlsx) (Téma besorolás lap) + build-guide-data.py
Kutatás — melyik kérdés hol	Bérezés és juttatások — IT + Contracting — Munkáltatók — 3.	Szükséges az EU bértranszparencia irányelve miatt a bérezési struktúra módosítása a vállalatodnál?	a »Bérezés és juttatások« témában, Munkáltatók oszlop, ebben a sorrendben	kutatási Excel (Salary Guide- kutatási eredmények-final.xlsx) (Téma besorolás lap) + build-guide-data.py
Kutatás — számok	a kutatás összes százaléka és válaszadói száma	2102 teljes mintás és 9300 bontott érték (12 adatkör: összesített + 11 terület) — nincs ebben a táblázatban	Piaci trendek és a területi oldalak grafikonjai	kutatási Excel (Salary Guide- kutatási eredmények-final.xlsx)
BEÁLLÍTÁSOK A KÓDBAN				
Bérek — terület	1. terület a Bérek legördülőben	IT	Bérek — Terület legördülő, ebben a sorrendben (SAP: külön oldal)	data/build-salary-data.py
Bérek — terület	2. terület a Bérek legördülőben	IT Contracting (a bértáblában nincs sora, ezért nem jelenik meg)	Bérek — Terület legördülő, ebben a sorrendben (SAP: külön oldal)	data/build-salary-data.py
Bérek — terület	3. terület a Bérek legördülőben	SAP	Bérek — Terület legördülő, ebben a sorrendben (SAP: külön oldal)	data/build-salary-data.py
Bérek — terület	4. terület a Bérek legördülőben	Pénzügy és számvitel	Bérek — Terület legördülő, ebben a sorrendben (SAP: külön oldal)	data/build-salary-data.py
Bérek — terület	5. terület a Bérek legördülőben	Sales	Bérek — Terület legördülő, ebben a sorrendben (SAP: külön oldal)	data/build-salary-data.py
Bérek — terület	6. terület a Bérek legördülőben	Marketing	Bérek — Terület legördülő, ebben a sorrendben (SAP: külön oldal)	data/build-salary-data.py
Bérek — terület	7. terület a Bérek legördülőben	HR	Bérek — Terület legördülő, ebben a sorrendben (SAP: külön oldal)	data/build-salary-data.py
Bérek — terület	8. terület a Bérek legördülőben	Retail	Bérek — Terület legördülő, ebben a sorrendben (SAP: külön oldal)	data/build-salary-data.py
Bérek — terület	9. terület a Bérek legördülőben	Office Support	Bérek — Terület legördülő, ebben a sorrendben (SAP: külön oldal)	data/build-salary-data.py
Bérek — terület	10. terület a Bérek legördülőben	Business Service Center (BSC)	Bérek — Terület legördülő, ebben a sorrendben (SAP: külön oldal)	data/build-salary-data.py
Bérek — terület	11. terület a Bérek legördülőben	Logisztika, Szállítás	Bérek — Terület legördülő, ebben a sorrendben (SAP: külön oldal)	data/build-salary-data.py
Bérek — terület	12. terület a Bérek legördülőben	Gyártás, Termelés, Mérnökség	Bérek — Terület legördülő, ebben a sorrendben (SAP: külön oldal)	data/build-salary-data.py
Bérek — terület	13. terület a Bérek legördülőben	Építőipar, Ingatlan	Bérek — Terület legördülő, ebben a sorrendben (SAP: külön oldal)	data/build-salary-data.py
Bérek — terület	14. terület a Bérek legördülőben	Pharma, Life Sciences	Bérek — Terület legördülő, ebben a sorrendben (SAP: külön oldal)	data/build-salary-data.py
Bérek — szint	1. tapasztalati szint (sorrend)	Trainee	Bérek és SAP — a táblázat sorrendje egy pozíción belül	berezes/index.html
Bérek — szint	2. tapasztalati szint (sorrend)	Junior	Bérek és SAP — a táblázat sorrendje egy pozíción belül	berezes/index.html
Bérek — szint	3. tapasztalati szint (sorrend)	Medior	Bérek és SAP — a táblázat sorrendje egy pozíción belül	berezes/index.html
Bérek — szint	4. tapasztalati szint (sorrend)	Senior	Bérek és SAP — a táblázat sorrendje egy pozíción belül	berezes/index.html
Bérek — szint	5. tapasztalati szint (sorrend)	Team Leader	Bérek és SAP — a táblázat sorrendje egy pozíción belül	berezes/index.html
Bérek — szint	6. tapasztalati szint (sorrend)	Manager	Bérek és SAP — a táblázat sorrendje egy pozíción belül	berezes/index.html
Bérek — szint	Junior — felirat a táblázatban	Junior (1-2 év tapasztalat)	Bérek — További bérek táblázat, Tapasztalati szint oszlop	berezes/index.html
Bérek — szint	Medior — felirat a táblázatban	Medior (3-5 év tapasztalat)	Bérek — További bérek táblázat, Tapasztalati szint oszlop	berezes/index.html
Bérek — szint	Senior — felirat a táblázatban	Senior (5+ év tapasztalat)	Bérek — További bérek táblázat, Tapasztalati szint oszlop	berezes/index.html
Kutatás — sorrend	kérdés, amelynek válaszai a kérdőív sorrendjében maradnak	Mi jellemzi céged toborzási stratégiáját a 2026-os évben?	Munkáltatók oszlop — a válaszok nem százalék szerint rendezve	index.html
Kutatás — súlyozott	csak súlyozott átlagként mutatott kérdés (a szöveg eleje)	Jelöld 1-4-ig terjedő skálán, hogy mennyire fontosak	Munkavállalók oszlop — súlyozott átlag, 1–4 skála	data/build-guide-data.py
Kutatás — átnevezés	téma átnevezése: »Munkahely váltás«	Munkahely váltás és toborzási kilátások	Téma legördülő	data/build-guide-data.py
Kutatás — átnevezés	téma átnevezése: »Béremelés és juttatások«	Bérezés és juttatások	Téma legördülő	data/build-guide-data.py
Kutatás — áthelyezés	az EU bértranszparencia kérdés helye	Munkáltatók: a »Munkahely váltás…« témából a »Bérezés és juttatások« téma végére	Piaci trendek — Munkáltatók oszlop	data/build-guide-data.py
OLDALSZÖVEGEK	címek, bekezdések, gombok, fejléc, lábléc, űrlapok	az oldalak HTML-jében (kb. 800 szöveg) — nincs ebben a táblázatban	minden oldal	az oldalak fájljai
